Brand,Product Name,Product Details,Product Price,Product Description,Discount,MRP,Stars,Total Ratings,Total Reviews
MSI,Cyborg 15 AI PC Intel Core Ultra 7 155H  , (16 GB/1 TB SSD/Windows 11 Home/8 GB Graphics/NVIDIA GeF...,113290,Intel Core Ultra 7 Processor16 GB DDR5 RAMWindows 11 Operating System1 TB SSD39.62 cm (15.6 Inch) Display2 Year Carry-in Warranty,12,129990,3.98,8,1
MSI,Cyborg 15 Intel Core i5 12th Gen 12450H   , (16 GB/512 GB SSD/Windows 11 Home/4 GB Graphics/NVIDIA G...,52990,Intel Core i5 Processor (12th Gen)16 GB DDR5 RAMWindows 11 Operating System512 GB SSD39.62 cm (15.6 Inch) Display2 Year Onsite Warranty,41,89990,4.655,55,7
DELL,Inspiron 3520 Intel Core i3 12th Gen 1215U   , (8 GB/512 GB SSD/Windows 11 Home) New Inspiron 15 La...,33600,Intel Core i3 Processor (12th Gen)8 GB DDR4 RAM64 bit Windows 11 Operating System512 GB SSD39.62 cm (15.6 Inch) Display1 Year Onsite Hardware Service,31,48827,4.23,"3,569",263
Apple,MacBook AIR Apple M2       , (8 GB/256 GB SSD/Mac OS Monterey) ,78990,"Apple M2 Processor8 GB Unified Memory RAMMac OS Operating System256 GB SSD34.54 cm (13.6 Inch) DisplayBuilt-in Apps: iMovie, Siri, GarageBand, Pages, Numbers, Photos, Keynote, Safari, Mail, FaceTime, Messages, Maps, Stocks, Home, Voice Memos, Notes, Calendar, Contacts, Reminders, Photo Booth, Preview, Books, App Store, Time Machine, TV, Music, Podcasts, Find My, QuickTime Player1 Year Limited Warranty",20,99900,4.714,"14,150",841
HP,(15s) MLY33HN/A         ,fq5007TU) Intel Core i3 12th Gen 1215U ,37990,Intel Core i3 Processor (12th Gen)8 GB DDR4 RAM64 bit Windows 11 Operating System512 GB SSD100.58 cm (39.6 cm) DisplayMicrosoft Office Home & Student 20211 Year Onsite Warranty,25,51134,4.26,"6,147",524
MSI,Katana 15 Intel Core i7 13th Gen 13620H   , (16 GB/1 TB SSD/Windows 11 Home/6 GB Graphics/NVIDIA GeF...,76590,Intel Core i7 Processor (13th Gen)16 GB DDR5 RAMWindows 11 Operating System1 TB SSD39.62 cm (15.6 Inch) Display2 Year Onsite Warranty,50,154990,4.129,29,2
Lenovo,IdeaPad Slim 1 AMD Ryzen 5 Quad Core 7520U  , (8 GB/512 GB SSD/Windows 11 Home) 15AMN7 Thin and ...,27988,AMD Ryzen 5 Quad Core Processor8 GB LPDDR5 RAMWindows 11 Operating System512 GB SSD39.62 cm (15.6 inch) DisplayMicrosoft Office Home & Student 20211 Year Carry-in Warranty,57,65690,4289,289,16
Apple,MacBook AIR Apple M2       , (8 GB/256 GB SSD/Mac OS Monterey) MLXW3HN/A,78990,"Apple M2 Processor8 GB Unified Memory RAMMac OS Operating System256 GB SSD34.54 cm (13.6 Inch) DisplayBuilt-in Apps: iMovie, Siri, GarageBand, Pages, Numbers, Photos, Keynote, Safari, Mail, FaceTime, Messages, Maps, Stocks, Home, Voice Memos, Notes, Calendar, Contacts, Reminders, Photo Booth, Preview, Books, App Store, Time Machine, TV, Music, Podcasts, Find My, QuickTime Player1 Year Limited Warra­nty",20,99900,4.714,"14,150",841
SAMSUNG,Galaxy Book4 Intel Core i5 13th Gen 1335U   , (16 GB/512 GB SSD/Windows 11 Home) NP750XGJ,60990,Intel Core i5 Processor (13th Gen)16 GB LPDDR4X RAMWindows 11 Operating System512 GB SSD39.62 cm (15.6 Inch) Display1 Year Manufacturer Warranty for Laptop and 6 Months for In-Box Accessories,26,82789,4.53,"3,397",293
ASUS,TUF Gaming F17        , AI Powered Gaming Intel Core i5 11th Gen 11400H ,57990,Intel Core i5 Processor (11th Gen)16 GB DDR4 RAMWindows 11 Operating System512 GB SSD43.94 cm (17.3 Inch) Display1 Year Onsite Warranty,32,85990,4.36,"6,664",538
MSI,Cyborg 15 Intel Core i5 12th Gen 12450H   , (16 GB/512 GB SSD/Windows 11 Home/6 GB Graphics/NVIDIA G...,63990,Intel Core i5 Processor (12th Gen)16 GB DDR5 RAMWindows 11 Operating System512 GB SSD39.62 cm (15.6 Inch) Display2 Year Onsite Warranty,32,94990,3.717,17,0
MSI,Thin 15 Intel Core i5 13th Gen 13420H   , (16 GB/1 TB SSD/Windows 11 Home/6 GB Graphics/NVIDIA GeFor...,81690,Intel Core i5 Processor (13th Gen)16 GB DDR4 RAMWindows 11 Operating System1 TB SSD39.62 cm (15.6 Inch) Display2 Year Onsite Warranty,14,94990,4.86,6,1
Acer,Aspire 7 Intel Core i5 12th Gen 12450H   , (16 GB/512 GB SSD/Windows 11 Home/4 GB Graphics/NVIDIA G...,50990,Intel Core i5 Processor (12th Gen)16 GB DDR4 RAMWindows 11 Operating System512 GB SSD39.62 cm (15.6 Inch) Display1 Year Onsite Warranty,49,99999,4.13,"3,346",274
Acer,Aspire 3 Backlit Intel Core i5 12th Gen 1235U  , (16 GB/512 GB SSD/Windows 11 Home) A324,39990,Intel Core i5 Processor (12th Gen)16 GB DDR4 RAM64 bit Windows 11 Operating System512 GB SSD35.56 cm (14 Inch) Display1 Year Domestic Warranty,24,53000,4.11,"1,924",130
Lenovo,Intel Core i7 12th Gen 1255U     , (16 GB/512 GB SSD/Windows 11 Home) V15 G3 IAP Thin and Light Lap...,49990,Intel Core i7 Processor (12th Gen)16 GB DDR4 RAMWindows 11 Operating System512 GB SSD39.62 cm (15.6 Inch) Display1 Year Onsite Warranty,44,90000,4.11,"1,230",109
Apple,MacBook AIR Apple M2       , (8 GB/256 GB SSD/Mac OS Monterey) MLY13HN/A,78990,"Apple M2 Processor8 GB Unified Memory RAMMac OS Operating System256 GB SSD34.54 cm (13.6 Inch) DisplayBuilt-in Apps: iMovie, Siri, GarageBand, Pages, Numbers, Photos, Keynote, Safari, Mail, FaceTime, Messages, Maps, Stocks, Home, Voice Memos, Notes, Calendar, Contacts, Reminders, Photo Booth, Preview, Books, App Store, Time Machine, TV, Music, Podcasts, Find My, QuickTime Player1 Year Limited Warranty",20,99900,4.714,"14,150",841
MSI,Thin A15 AMD Ryzen 5 Hexa Core 7535HS   , (16 GB/512 GB SSD/Windows 11 Home/4 GB Graphics/NVIDIA GeF...,59990,AMD Ryzen 5 Hexa Core Processor16 GB DDR5 RAMWindows 11 Operating System512 GB SSD39.62 cm (15.6 Inch) Display2 Year Onsite Warranty,24,78990,4.323,23,1
MSI,Sword 16 HX Intel Core i7 14th Gen 14700HX  , (16 GB/1 TB SSD/Windows 11 Home/8 GB Graphics/NVIDIA ...,134790,Intel Core i7 Processor (14th Gen)16 GB DDR5 RAMWindows 11 Operating System1 TB SSD40.64 cm (16 Inch) Display2 Year Onsite Warranty,11,151990,3.73,3,0
Lenovo,AMD Ryzen 3 Quad Core 7330U     , (8 GB/512 GB SSD/Windows 11 Home) ThinkBook 15 G5 Thin and Light ...,29990,AMD Ryzen 3 Quad Core Processor8 GB DDR4 RAMWindows 11 Operating System512 GB SSD39.62 cm (15.6 Inch) Display1 Year Onsite Warranty,48,58500,4.2539,539,58
ASUS,"Vivobook 15, with Backlit Keyboard, Intel Core i3 12th Gen 1215U", (8 GB/512 GB SSD/Windows 11 Ho...,36990,Intel Core i3 Processor (12th Gen)8 GB DDR4 RAMWindows 11 Operating System512 GB SSD39.62 cm (15.6 Inch) Display1-year warranty,32,54990,4.38,"8,543",639
MSI,Cyborg 15 AI PC Intel Core Ultra 5 125H  , (16 GB/1 TB SSD/Windows 11 Home/6 GB Graphics/NVIDIA GeF...,96990,Intel Core Ultra 5 Processor16 GB DDR5 RAMWindows 11 Operating System1 TB SSD39.62 cm (15.6 Inch) Display2 Year Carry-in Warranty,13,111990,4.1557,557,46
Acer,Aspire 3 Intel Celeron Dual Core N4500    , (8 GB/256 GB SSD/Windows 11 Home) A324,19990,Intel Celeron Dual Core Processor8 GB LPDDR4X RAMWindows 11 Operating System256 GB SSD35.56 cm (14 Inch) Display1 Year Carry-in Warranty,33,29999,4.4935,935,53
SAMSUNG,Galaxy Book4 Intel Core i7 13th Gen 1355U   , (16 GB/512 GB SSD/Windows 11 Home) NP750XGJ,69990,Intel Core i7 Processor (13th Gen)16 GB LPDDR4X RAMWindows 11 Operating System512 GB SSD39.62 cm (15.6 Inch) Display1 Year Manufacturer Warranty for Laptop and 6 Months for In-Box Accessories,21,89689,4.2179,179,8
Lenovo,IdeaPad 1 Intel Celeron Dual Core N4020    , (8 GB/512 GB SSD/Windows 11 Home) 14IGL7 Thin and Lig...,23990,Intel Celeron Dual Core Processor8 GB DDR4 RAMWindows 11 Operating System512 GB SSD35.56 cm (14 Inch) Display1 Yr. Onsite,36,37690,4.1946,946,138
Acer,Aspire 3 Backlit AMD Ryzen 5 Hexa Core 7430U  , (16 GB/512 GB SSD/Windows 11 Home) A325,34990,AMD Ryzen 5 Hexa Core Processor16 GB DDR4 RAMWindows 11 Operating System512 GB SSD39.62 cm (15.6 Inch) Display1 Year Carry-in Warranty,44,59990,4.1639,639,41
HP,255 G9 AMD Ryzen 3 Dual Core R3 3250  , (8 GB/512 GB SSD/Windows 11 Home) 255 G8 Business Laptop,25999,AMD Ryzen 3 Dual Core Processor8 GB DDR4 RAMWindows 11 Operating System512 GB SSD39.62 cm (15.6 Inch) Display1 Year Onsite warranty by OEM,49,39999,3.98,8,1
MSI,Cyborg 15 AI PC Intel Core Ultra 7 155H  , (16 GB/1 TB SSD/Windows 11 Home/8 GB Graphics/NVIDIA GeF...,113290,Intel Core Ultra 7 Processor16 GB DDR5 RAMWindows 11 Operating System1 TB SSD39.62 cm (15.6 Inch) Display2 Year Carry-in Warranty,20,129990,4.655,55,7
MSI,Cyborg 15 Intel Core i5 12th Gen 12450H   , (16 GB/512 GB SSD/Windows 11 Home/4 GB Graphics/NVIDIA G...,52990,Intel Core i5 Processor (12th Gen)16 GB DDR5 RAMWindows 11 Operating System512 GB SSD39.62 cm (15.6 Inch) Display2 Year Onsite Warranty,24,89990,4.24,"4,960",253
HP,Intel Core i5 12th Gen 1235U     , (16 GB/512 GB SSD/Windows 11 Home) 15s,52990,Intel Core i5 Processor (12th Gen)16 GB DDR4 RAMWindows 11 Operating System512 GB SSD39.62 cm (15.6 inch) Display1 Year Onsite warranty,50,62526,4.42,"2,766",310
MSI,Modern 14 AMD Ryzen 5 Hexa Core 7530U   , (16 GB/512 GB SSD/Windows 11 Home) Modern 14 C7M,36990,AMD Ryzen 5 Hexa Core Processor16 GB DDR4 RAMWindows 11 Operating System512 GB SSD35.56 cm (14 Inch) Display1 Year Onsite Warranty,41,64990,4.129,29,2
MSI,Katana 15 Intel Core i7 13th Gen 13620H   , (16 GB/1 TB SSD/Windows 11 Home/6 GB Graphics/NVIDIA GeF...,76590,Intel Core i7 Processor (13th Gen)16 GB DDR5 RAMWindows 11 Operating System1 TB SSD39.62 cm (15.6 Inch) Display2 Year Onsite Warranty,35,154990,3.717,17,0
MSI,Cyborg 15 Intel Core i5 12th Gen 12450H   , (16 GB/512 GB SSD/Windows 11 Home/6 GB Graphics/NVIDIA G...,63990,Intel Core i5 Processor (12th Gen)16 GB DDR5 RAMWindows 11 Operating System512 GB SSD39.62 cm (15.6 Inch) Display2 Year Onsite Warranty,12,94990,4.25,"5,560",496
Lenovo,IdeaPad Slim 1 AMD Ryzen 5 Hexa Core 5500U  , (16 GB/512 GB SSD/Windows 11 Home) 15ALC7 Thin and...,36703,AMD Ryzen 5 Hexa Core Processor16 GB DDR4 RAMWindows 11 Operating System512 GB SSD100.63 cm (39.62 cm) DisplayMicrosoft Office Home & Student 20212 Yr Warranty,41,58390,4.23,"3,576",263
DELL,Intel Core i3 12th Gen 1215U     , (8 GB/512 GB SSD/Windows 11 Home) Inspiron 3520 Thin and Light Lap...,33470,Intel Core i3 Processor (12th Gen)8 GB DDR4 RAMWindows 11 Operating System512 GB SSD39.62 cm (15.6 Inch) Display1 Year Onsite Warranty,15,47869,4.31,"1,412",153
MSI,Modern 15 Intel Core i3 12th Gen 1215U   , (16 GB/512 GB SSD/Windows 11 Home) Modern 15 B12MO,32990,Intel Core i3 Processor (12th Gen)16 GB DDR4 RAMWindows 11 Operating System512 GB SSD39.62 cm (15.6 Inch) Display1 Year Onsite Warranty,43,48990,4.714,"14,150",841
Apple,MacBook AIR Apple M2       , (8 GB/256 GB SSD/Mac OS Monterey) MLXY3HN/A,78990,"Apple M2 Processor8 GB Unified Memory RAMMac OS Operating System256 GB SSD34.54 cm (13.6 Inch) DisplayBuilt-in Apps: iMovie, Siri, GarageBand, Pages, Numbers, Photos, Keynote, Safari, Mail, FaceTime, Messages, Maps, Stocks, Home, Voice Memos, Notes, Calendar, Contacts, Reminders, Photo Booth, Preview, Books, App Store, Time Machine, TV, Music, Podcasts, Find My, QuickTime Player1 Year Limited Warra­nty",50,99900,4.86,6,1
MSI,Thin 15 Intel Core i5 13th Gen 13420H   , (16 GB/1 TB SSD/Windows 11 Home/6 GB Graphics/NVIDIA GeFor...,81690,Intel Core i5 Processor (13th Gen)16 GB DDR4 RAMWindows 11 Operating System1 TB SSD39.62 cm (15.6 Inch) Display2 Year Onsite Warranty,32,94990,4.324,24,1
MSI,Thin A15 AMD Ryzen 5 Hexa Core 7535HS   , (16 GB/512 GB SSD/Windows 11 Home/4 GB Graphics/NVIDIA GeF...,59990,AMD Ryzen 5 Hexa Core Processor16 GB DDR5 RAMWindows 11 Operating System512 GB SSD39.62 cm (15.6 Inch) Display2 Year Onsite Warranty,37,78990,3.7999,999,112
CHUWI,Intel Celeron Dual Core 11th Gen N4020    , (8 GB/256 GB SSD/Windows 11 Home) HeroBook Plus Laptop,16990,Intel Celeron Dual Core Processor (11th Gen)8 GB DDR5 RAM64 bit Windows 11 Operating System256 GB SSD39.62 cm (15.6 Inch) Display1 Year Onsite Warranty,30,39990,4.24,"4,960",253
HP,Backlit Intel Core i5 12th Gen 1235U    , (8 GB/512 GB SSD/Windows 11 Home) 15s,64500,Intel Core i5 Processor (12th Gen)8 GB DDR4 RAM64 bit Windows 11 Operating System512 GB SSD39.62 cm (15.6 Inch) Display1 Year Onsite Warranty,32,70064,3.73,3,0
MSI,Sword 16 HX Intel Core i7 14th Gen 14700HX  , (16 GB/1 TB SSD/Windows 11 Home/8 GB Graphics/NVIDIA ...,134790,Intel Core i7 Processor (14th Gen)16 GB DDR5 RAMWindows 11 Operating System1 TB SSD40.64 cm (16 Inch) Display2 Year Onsite Warranty,20,151990,41,"1,783",228
MSI,Cyborg 15 AI PC Intel Core Ultra 5 125H  , (16 GB/1 TB SSD/Windows 11 Home/6 GB Graphics/NVIDIA GeF...,96990,Intel Core Ultra 5 Processor16 GB DDR5 RAMWindows 11 Operating System1 TB SSD39.62 cm (15.6 Inch) Display2 Year Carry-in Warranty,14,111990,4.38,"8,576",642
Infinix,Y1 Plus Neo Intel Celeron Quad Core 11th Gen N5100 , (4 GB/128 GB SSD/Windows 11 Home) XL30 Th...,17990,Intel Celeron Quad Core Processor (11th Gen)4 GB LPDDR4X RAMWindows 11 Operating System128 GB SSD39.62 cm (15.6 Inch) Display1 Year Onsite Warranty,24,29990,4.21,"1,155",86
ASUS,Vivobook 15 Intel Core i3 12th Gen 1215U   , (16 GB/512 GB SSD/Windows 11 Home) X1504ZA,40990,Intel Core i3 Processor (12th Gen)16 GB DDR4 RAMWindows 11 Operating System512 GB SSD39.62 cm (15.6 Inch) Display1 Year Onsite Warranty,57,54990,4.22,"2,747",693
Acer,Aspire 7 Intel Core i5 13th Gen 13420H   , (16 GB/512 GB SSD/Windows 11 Home/4 GB Graphics/NVIDIA G...,53990,Intel Core i5 Processor (13th Gen)16 GB DDR4 RAMWindows 11 Operating System512 GB SSD39.62 cm (15.6 Inch) Display1 Year Onsite Warranty,7,84999,4.6464,464,27
Primebook,Wifi MediaTek MT8183        , (4 GB/64 GB EMMC Storage/Prime OS) PB Wifi Thin and Light Laptop,10990,MediaTek MT8183 Processor4 GB LPDDR4 RAMAndroid Operating System29.46 cm (11.6 Inch) Display1 Year Pick and Drop Warranty,11,18990,4.27,"7,796",582
Apple,MacBook Air Apple M3       , (8 GB/256 GB SSD/macOS Sonoma) MRXV3HN/A,104990,"Apple M3 Processor8 GB Unified Memory RAMMac OS Operating System256 GB SSD33.02 cm (13 Inch) DisplayBuilt-in Apps: App Store, Books, Calendar, Contacts, FaceTime, Find My, Freeform, GarageBand, Home, iMovie, Keynote, Mail, Maps, Messages, Music, Notes, Numbers, Pages, Photo Booth, Photos, Podcasts, Preview, QuickTime Player, Reminders, Safari, Shortcuts, Siri, Stocks, Time Machine, TV, Voice Memos1 Year Onsite Warranty",13,114900,4.3172,172,19
HP,AMD Ryzen 5 Hexa Core 5500U     , (8 GB/512 GB SSD/Windows 11 Home) 15s,36730,"AMD Ryzen 5 Hexa Core Processor8 GB DDR4 RAM64 bit Windows 11 Operating System512 GB SSD39.62 cm (15.6 inch) DisplayMicrosoft Office Home 2019 & Office 365, HP Documentation, HP SSRM, HP Smart1 Year Onsite Warranty",40,54552,41,"1,783",228
Lenovo,ThinkBook 16 G6 Intel Core i3 13th Gen 1315U  , (8 GB/512 GB SSD/Windows 11 Home) ThinkBook 16 G...,38990,Intel Core i3 Processor (13th Gen)8 GB DDR5 RAMWindows 11 Operating System512 GB SSD40.64 cm (16 Inch) Display1 Year Onsite warranty,25,73800,3.98,8,1
Infinix,Y1 Plus Neo Intel Celeron Quad Core 11th Gen N5100 , (4 GB/128 GB SSD/Windows 11 Home) XL30 Th...,17990,Intel Celeron Quad Core Processor (11th Gen)4 GB LPDDR4X RAMWindows 11 Operating System128 GB SSD39.62 cm (15.6 Inch) Display1 Year Onsite Warranty,36,29990,4.655,55,7
MSI,Cyborg 15 AI PC Intel Core Ultra 7 155H  , (16 GB/1 TB SSD/Windows 11 Home/8 GB Graphics/NVIDIA GeF...,113290,Intel Core Ultra 7 Processor16 GB DDR5 RAMWindows 11 Operating System1 TB SSD39.62 cm (15.6 Inch) Display2 Year Carry-in Warranty,42,129990,4634,634,37
MSI,Cyborg 15 Intel Core i5 12th Gen 12450H   , (16 GB/512 GB SSD/Windows 11 Home/4 GB Graphics/NVIDIA G...,52990,Intel Core i5 Processor (12th Gen)16 GB DDR5 RAMWindows 11 Operating System512 GB SSD39.62 cm (15.6 Inch) Display2 Year Onsite Warranty,8,89990,4.25,"5,560",496
HP,AMD Athlon Dual Core       , (8 GB/256 GB SSD/Windows 11 Home) 255 Laptop,21990,AMD Athlon Dual Core Processor8 GB LPDDR4 RAMWindows 11 Operating System256 GB SSD39.62 cm (15.6 inch) Display1 YEAR,32,50648,4.25,"5,393",292
Lenovo,IdeaPad Slim 1 AMD Ryzen 5 Hexa Core 5500U  , (16 GB/512 GB SSD/Windows 11 Home) 15ALC7 Thin and...,36703,AMD Ryzen 5 Hexa Core Processor16 GB DDR4 RAMWindows 11 Operating System512 GB SSD100.63 cm (39.62 cm) DisplayMicrosoft Office Home & Student 20212 Yr Warranty,57,58390,3.976,76,9
ASUS,Vivobook 15 Intel Core i5 12th Gen 1235U   , (8 GB/512 GB SSD/Windows 11 Home) X1504ZA,47990,Intel Core i5 Processor (12th Gen)8 GB DDR4 RAMWindows 11 Operating System512 GB SSD39.62 cm (15.6 Inch) Display1 Year Onsite Warranty,41,69990,4.129,29,2
Acer,Travelmate Intel Core i5 11th Gen 1135G7    , (16 GB/512 GB SSD/Windows 11 Home) TMP215,33990,Intel Core i5 Processor (11th Gen)16 GB DDR4 RAM64 bit Windows 11 Home Operating System512 GB SSD39.62 cm (15.6 inch) Display1 Year Onsite Warranty,25,49990,3.717,17,0
MSI,Katana 15 Intel Core i7 13th Gen 13620H   , (16 GB/1 TB SSD/Windows 11 Home/6 GB Graphics/NVIDIA GeF...,76590,Intel Core i7 Processor (13th Gen)16 GB DDR5 RAMWindows 11 Operating System1 TB SSD39.62 cm (15.6 Inch) Display2 Year Onsite Warranty,32,154990,4.25,"5,393",292
MSI,Cyborg 15 Intel Core i5 12th Gen 12450H   , (16 GB/512 GB SSD/Windows 11 Home/6 GB Graphics/NVIDIA G...,63990,Intel Core i5 Processor (12th Gen)16 GB DDR5 RAMWindows 11 Operating System512 GB SSD39.62 cm (15.6 Inch) Display2 Year Onsite Warranty,24,94990,4.2192,192,17
ASUS,"Vivobook 15, with Backlit Keyboard, Intel Core i5 12th Gen 1235U", (16 GB/512 GB SSD/Windows 11 H...,52990,Intel Core i5 Processor (12th Gen)16 GB DDR4 RAMWindows 11 Operating System512 GB SSD39.62 cm (15.6 Inch) Display1 Year Onsite Warranty,47,73990,4.86,6,1
Lenovo,AMD Ryzen 7 Octa Core 7730U     , (16 GB/512 GB SSD/Windows 11 Home) V15 G4 Thin and Light Laptop,39990,AMD Ryzen 7 Octa Core Processor16 GB DDR4 RAMWindows 11 Operating System512 GB SSD39.62 cm (15.6 Inch) Display1 Year Onsite Warranty,40,62100,4.324,24,1
MSI,Thin 15 Intel Core i5 13th Gen 13420H   , (16 GB/1 TB SSD/Windows 11 Home/6 GB Graphics/NVIDIA GeFor...,81690,Intel Core i5 Processor (13th Gen)16 GB DDR4 RAMWindows 11 Operating System1 TB SSD39.62 cm (15.6 Inch) Display2 Year Onsite Warranty,12,94990,3.7999,999,112
MSI,Thin A15 AMD Ryzen 5 Hexa Core 7535HS   , (16 GB/512 GB SSD/Windows 11 Home/4 GB Graphics/NVIDIA GeF...,59990,AMD Ryzen 5 Hexa Core Processor16 GB DDR5 RAMWindows 11 Operating System512 GB SSD39.62 cm (15.6 Inch) Display2 Year Onsite Warranty,41,78990,4.38,"8,576",642
CHUWI,Intel Celeron Dual Core 11th Gen N4020    , (8 GB/256 GB SSD/Windows 11 Home) HeroBook Pro Laptop,16990,"Light weight, Portable Laptop
RAM/Storage: 8GB LPDDR4 Ram, 256GB M.2 SSD StorageHard-Decoding 4k@60Hz
Graphics/GPU: UHD Graphics 600
Display: 14.1 inch, 16:9 IPS Display
Touchpad: Larger Touchpad with easy control
Keyboard: Chiclet keyboard keysIntel Celeron Dual Core Processor (11th Gen)8 GB DDR4 RAM64 bit Windows 11 Operating System256 GB SSD35.81 cm (14.1 inch) DisplayWPS Office, Operating System Software1 Year Onsite Warranty",56,34990,4.38,"8,576",642
ASUS,Vivobook 15 Intel Core i3 12th Gen 1215U   , (8 GB/512 GB SSD/Windows 11 Home) X1502ZA,36990,Intel Core i3 Processor (12th Gen)8 GB DDR4 RAMWindows 11 Operating System512 GB SSD39.62 cm (15.6 Inch) Display1 Year Onsite Warranty,37,56990,3.91,"1,301",104
ASUS,Vivobook 15 Intel Core i3 12th Gen 1215U   , (16 GB/512 GB SSD/Windows 11 Home) X1504ZA,40990,Intel Core i3 Processor (12th Gen)16 GB DDR4 RAMWindows 11 Operating System512 GB SSD39.62 cm (15.6 Inch) Display1 Year Onsite Warranty,31,54990,3.73,3,0
Acer,Aspire 3 Intel Celeron Dual Core N4500    , (8 GB/512 GB SSD/Windows 11 Home) A324,20990,Intel Celeron Dual Core Processor8 GB LPDDR4X RAMWindows 11 Operating System512 GB SSD35.56 cm (14 Inch) Display1 Year Carry-in Warranty,32,32999,4.53,"3,397",293
MSI,Sword 16 HX Intel Core i7 14th Gen 14700HX  , (16 GB/1 TB SSD/Windows 11 Home/8 GB Graphics/NVIDIA ...,134790,Intel Core i7 Processor (14th Gen)16 GB DDR5 RAMWindows 11 Operating System1 TB SSD40.64 cm (16 Inch) Display2 Year Onsite Warranty,50,151990,4.714,"14,150",841
MSI,Cyborg 15 AI PC Intel Core Ultra 5 125H  , (16 GB/1 TB SSD/Windows 11 Home/6 GB Graphics/NVIDIA GeF...,96990,Intel Core Ultra 5 Processor16 GB DDR5 RAMWindows 11 Operating System1 TB SSD39.62 cm (15.6 Inch) Display2 Year Carry-in Warranty,32,111990,4.25,"5,105",508
SAMSUNG,Galaxy Book4 Intel Core i5 13th Gen 1335U   , (8 GB/512 GB SSD/Windows 11 Home) NP750XGJ,55990,Intel Core i5 Processor (13th Gen)8 GB LPDDR4X RAMWindows 11 Operating System512 GB SSD39.62 cm (15.6 Inch) Display1 Year Manufacturer Warranty for Laptop and 6 Months for In-Box Accessories,28,78189,4.21,"1,832",170
Apple,MacBook AIR Apple M2       , (8 GB/256 GB SSD/Mac OS Monterey) MLY13HN/A,78990,"Apple M2 Processor8 GB Unified Memory RAMMac OS Operating System256 GB SSD34.54 cm (13.6 Inch) DisplayBuilt-in Apps: iMovie, Siri, GarageBand, Pages, Numbers, Photos, Keynote, Safari, Mail, FaceTime, Messages, Maps, Stocks, Home, Voice Memos, Notes, Calendar, Contacts, Reminders, Photo Booth, Preview, Books, App Store, Time Machine, TV, Music, Podcasts, Find My, QuickTime Player1 Year Limited Warranty",35,99900,3.9808,808,114
ASUS,Vivobook Go 15 AMD Ryzen 3 Quad Core 7320U  , (8 GB/512 GB SSD/Windows 11 Home) E1504FA,32800,AMD Ryzen 3 Quad Core Processor8 GB LPDDR5 RAMWindows 11 Operating System512 GB SSD39.62 cm (15.6 Inch) Display1 Year Onsite Warranty,14,50990,4.34,"4,761",517
Lenovo,IdeaPad 1 AMD Athlon Dual Core 7120U    , (8 GB/512 GB SSD/Windows 11 Home) 15AMN7 Thin and Light ...,27990,AMD Athlon Dual Core Processor8 GB LPDDR5 RAMWindows 11 Operating System512 GB SSD39.62 cm (15.6 inch) Display1 Yr. Onsite + 1 Yr. Accidental Damage Protection,24,43790,3.7999,999,112
ZEBRONICS,Pro Series Z Intel Core i5 12th Gen 1235U  , (8 GB/512 GB SSD/Windows 11 Home) ZEB,29990,Intel Core i5 Processor (12th Gen)8 GB DDR4 RAMWindows 11 Operating System512 GB SSD39.62 cm (15.6 inch) Display1 Year Carry-in Warranty,51,60999,4.4294,294,23
HP,Laptop AMD Ryzen 3 Quad Core 5300U    , (8 GB/512 GB SSD/Windows 11 Home) 15s,32490,AMD Ryzen 3 Quad Core Processor8 GB DDR4 RAMWindows 11 Operating System512 GB SSD39.62 cm (15.6 Inch) Display1 Year Onsite Warranty,35,44783,3.98,8,1
CHUWI,Intel Celeron Dual Core 11th Gen N4020    , (8 GB/256 GB SSD/Windows 11 Home) HeroBook Pro Laptop,16990,"Light weight, Portable Laptop
RAM/Storage: 8GB LPDDR4 Ram, 256GB M.2 SSD StorageHard-Decoding 4k@60Hz
Graphics/GPU: UHD Graphics 600
Display: 14.1 inch, 16:9 IPS Display
Touchpad: Larger Touchpad with easy control
Keyboard: Chiclet keyboard keysIntel Celeron Dual Core Processor (11th Gen)8 GB DDR4 RAM64 bit Windows 11 Operating System256 GB SSD35.81 cm (14.1 inch) DisplayWPS Office, Operating System Software1 Year Onsite Warranty",25,34990,4.655,55,7
HP,15s Intel Core i7 13th Gen 1360P    , (16 GB/512 GB SSD/Windows 11 Home) 15,72942,Intel Core i7 Processor (13th Gen)16 GB DDR4 RAM64 bit Windows 11 Operating System512 GB SSD39.62 cm (15.6 Inch) Display1 Year Onsite Warranty,36,88862,4.356,56,5
MSI,Cyborg 15 AI PC Intel Core Ultra 7 155H  , (16 GB/1 TB SSD/Windows 11 Home/8 GB Graphics/NVIDIA GeF...,113290,Intel Core Ultra 7 Processor16 GB DDR5 RAMWindows 11 Operating System1 TB SSD39.62 cm (15.6 Inch) Display2 Year Carry-in Warranty,11,129990,4.2327,327,18
MSI,Cyborg 15 Intel Core i5 12th Gen 12450H   , (16 GB/512 GB SSD/Windows 11 Home/4 GB Graphics/NVIDIA G...,52990,Intel Core i5 Processor (12th Gen)16 GB DDR5 RAMWindows 11 Operating System512 GB SSD39.62 cm (15.6 Inch) Display2 Year Onsite Warranty,13,89990,4.129,29,2
MICROSOFT,Laptop Go 3 Intel Core i5 12th Gen 1235U  , (8 GB/256 GB SSD/Windows 11 Home) XK1,70990,Intel Core i5 Processor (12th Gen)8 GB LPDDR5 RAMWindows 11 Operating System256 GB SSD31.5 cm (12.4 Inch) Touchscreen Display1 Year Onsite Warranty,28,80999,3.717,17,0
ASUS,"Vivobook 16X for Creator, Intel Core i5 12th Gen 12500H ", (16 GB/512 GB SSD/Windows 11 Home/4 GB ...,70990,Intel Core i5 Processor (12th Gen)16 GB DDR4 RAMWindows 11 Operating System512 GB SSD40.64 cm (16 Inch) Display1 Year Onsite Warranty,20,84990,4.53,"3,397",293
MSI,Katana 15 Intel Core i7 13th Gen 13620H   , (16 GB/1 TB SSD/Windows 11 Home/6 GB Graphics/NVIDIA GeF...,76590,Intel Core i7 Processor (13th Gen)16 GB DDR5 RAMWindows 11 Operating System1 TB SSD39.62 cm (15.6 Inch) Display2 Year Onsite Warranty,35,154990,4.3974,974,92
MSI,Cyborg 15 Intel Core i5 12th Gen 12450H   , (16 GB/512 GB SSD/Windows 11 Home/6 GB Graphics/NVIDIA G...,63990,Intel Core i5 Processor (12th Gen)16 GB DDR5 RAMWindows 11 Operating System512 GB SSD39.62 cm (15.6 Inch) Display2 Year Onsite Warranty,36,94990,4558,558,48
SAMSUNG,Galaxy Book4 Intel Core i5 13th Gen 1335U   , (8 GB/512 GB SSD/Windows 11 Home) NP750XGJ,55990,Intel Core i5 Processor (13th Gen)8 GB LPDDR4X RAMWindows 11 Operating System512 GB SSD39.62 cm (15.6 Inch) Display1 Year Manufacturer Warranty for Laptop and 6 Months for In-Box Accessories,28,78189,4.3898,898,101
MSI,Thin 15 Intel Core i5 12th Gen 12450H   , (16 GB/512 GB SSD/Windows 11 Home/4 GB Graphics/NVIDIA GeF...,51990,Intel Core i5 Processor (12th Gen)16 GB DDR4 RAMWindows 11 Operating System512 GB SSD39.62 cm (15.6 Inch) Display2 Year Onsite Warranty,20,70990,4.86,6,1
Acer,Aspire Lite AMD Ryzen 5 Hexa Core 5625U   , (16 GB/512 GB SSD/Windows 11 Home) AL15,34990,AMD Ryzen 5 Hexa Core Processor16 GB DDR4 RAMWindows 11 Operating System512 GB SSD39.62 cm (15.6 inch) Display1 Year Carry-in Warranty,35,56999,4.324,24,1
ASUS,TUF Gaming F17        , AI Powered Gaming Intel Core i5 11th Gen 11400H ,48990,Intel Core i5 Processor (11th Gen)8 GB DDR4 RAMWindows 11 Operating System512 GB SSD43.94 cm (17.3 Inch) Display1 Year Onsite Warranty,36,77990,4.41,"1,155",102
MSI,Thin 15 Intel Core i5 13th Gen 13420H   , (16 GB/1 TB SSD/Windows 11 Home/6 GB Graphics/NVIDIA GeFor...,81690,Intel Core i5 Processor (13th Gen)16 GB DDR4 RAMWindows 11 Operating System1 TB SSD39.62 cm (15.6 Inch) Display2 Year Onsite Warranty,51,94990,4.21,"1,022",60
MSI,Thin A15 AMD Ryzen 5 Hexa Core 7535HS   , (16 GB/512 GB SSD/Windows 11 Home/4 GB Graphics/NVIDIA GeF...,59990,AMD Ryzen 5 Hexa Core Processor16 GB DDR5 RAMWindows 11 Operating System512 GB SSD39.62 cm (15.6 Inch) Display2 Year Onsite Warranty,50,78990,3.73,3,0
Acer,Predator Neo Intel Core i7 13th Gen 13700HX   , (16 GB/1 TB SSD/Windows 11 Home/6 GB Graphics/NVIDI...,104990,Intel Core i7 Processor (13th Gen)16 GB DDR5 RAMWindows 11 Operating System1 TB SSD40.64 cm (16 Inch) Display1 Year International Travelers Warranty (ITW),27,144999,4.25,"5,105",508
DELL,"Inspiron 15 with Backlit Keyboard, Intel Core i5 12th Gen 1235U", (8 GB/512 GB SSD/Windows 11 Hom...,46630,Intel Core i5 Processor (12th Gen)8 GB DDR4 RAM64 bit Windows 11 Operating System512 GB SSD39.62 cm (15.6 Inch) Display1 Year Onsite Hardware Service,51,65104,4.25,"5,393",292
MSI,Sword 16 HX Intel Core i7 14th Gen 14700HX  , (16 GB/1 TB SSD/Windows 11 Home/8 GB Graphics/NVIDIA ...,134790,Intel Core i7 Processor (14th Gen)16 GB DDR5 RAMWindows 11 Operating System1 TB SSD40.64 cm (16 Inch) Display2 Year Onsite Warranty,17,151990,4.25,"5,393",292
MSI,Cyborg 15 AI PC Intel Core Ultra 5 125H  , (16 GB/1 TB SSD/Windows 11 Home/6 GB Graphics/NVIDIA GeF...,96990,Intel Core Ultra 5 Processor16 GB DDR5 RAMWindows 11 Operating System1 TB SSD39.62 cm (15.6 Inch) Display2 Year Carry-in Warranty,12,111990,4.172,72,7
ASUS,Vivobook Go 14 AMD Ryzen 3 Quad Core 7320U  , (8 GB/512 GB SSD/Windows 11 Home) E1404FA,33990,AMD Ryzen 3 Quad Core Processor8 GB LPDDR5 RAMWindows 11 Operating System512 GB SSD35.56 cm (14 Inch) DisplayMicrosoft Office Home & Student 20211 Year Onsite Warranty,41,50990,3.98,8,1
ASUS,Vivobook 15 Intel Core i5 12th Gen 1235U   , (8 GB/512 GB SSD/Windows 11 Home) X1504ZA,47990,Intel Core i5 Processor (12th Gen)8 GB DDR4 RAMWindows 11 Operating System512 GB SSD39.62 cm (15.6 Inch) Display1 Year Onsite Warranty,12,69990,4.655,55,7
ASUS,"Vivobook 15, with Backlit Keyboard, Intel Core i5 12th Gen 1235U", (16 GB/512 GB SSD/Windows 11 H...,52990,Intel Core i5 Processor (12th Gen)16 GB DDR4 RAMWindows 11 Operating System512 GB SSD39.62 cm (15.6 Inch) Display1 Year Onsite Warranty,16,73990,3.7423,423,29
MSI,Modern 14 Intel Core i7 13th Gen 1355U   , (16 GB/512 GB SSD/Windows 11 Home) Modern 14 C13M,49990,Intel Core i7 Processor (13th Gen)16 GB DDR4 RAMWindows 11 Operating System512 GB SSD35.56 cm (14 Inch) Display1 Year Carry-in Warranty,50,85990,3.946,460,30
MSI,Cyborg 15 AI PC Intel Core Ultra 7 155H  , (16 GB/1 TB SSD/Windows 11 Home/8 GB Graphics/NVIDIA GeF...,113290,Intel Core Ultra 7 Processor16 GB DDR5 RAMWindows 11 Operating System1 TB SSD39.62 cm (15.6 Inch) Display2 Year Carry-in Warranty,32,129990,4.129,29,2
MSI,Cyborg 15 Intel Core i5 12th Gen 12450H   , (16 GB/512 GB SSD/Windows 11 Home/4 GB Graphics/NVIDIA G...,52990,Intel Core i5 Processor (12th Gen)16 GB DDR5 RAMWindows 11 Operating System512 GB SSD39.62 cm (15.6 Inch) Display2 Year Onsite Warranty,28,89990,3.717,17,0
Acer,Chromebook Intel Celeron Dual Core N4500     , (8 GB/64 GB EMMC Storage/Chrome OS) CB314,12990,Intel Celeron Dual Core Processor8 GB LPDDR4X RAMChrome Operating System35.56 cm (14 inch) Display1 Year Onsite Warranty,26,35999,4.29,90,14
ASUS,Vivobook 14 Intel Core i3 13th Gen 1315U   , (8 GB/512 GB SSD/Windows 11 Home) X1404VA,38990,Intel Core i3 Processor (13th Gen)8 GB DDR4 RAMWindows 11 Operating System512 GB SSD35.56 cm (14 Inch) Display1 Year Onsite Warranty,38,57990,4.3248,248,24
MSI,Katana 15 Intel Core i7 13th Gen 13620H   , (16 GB/1 TB SSD/Windows 11 Home/6 GB Graphics/NVIDIA GeF...,76590,Intel Core i7 Processor (13th Gen)16 GB DDR5 RAMWindows 11 Operating System1 TB SSD39.62 cm (15.6 Inch) Display2 Year Onsite Warranty,37,154990,4.3257,257,31
MSI,Cyborg 15 Intel Core i5 12th Gen 12450H   , (16 GB/512 GB SSD/Windows 11 Home/6 GB Graphics/NVIDIA G...,63990,Intel Core i5 Processor (12th Gen)16 GB DDR5 RAMWindows 11 Operating System512 GB SSD39.62 cm (15.6 Inch) Display2 Year Onsite Warranty,14,94990,4.25,"5,560",496
MSI,Modern 14 Intel Core i5 12th Gen 1235U   , (16 GB/512 GB SSD/Windows 11 Home) Modern 14 C12MO,38990,Intel Core i5 Processor (12th Gen)16 GB DDR4 RAMWindows 11 Operating System512 GB SSD35.56 cm (14 inch) Display1 Year Onsite Warranty,24,52990,4.86,6,1
Acer,Nitro V AMD Ryzen 5 Hexa Core 7535HS   , (16 GB/512 GB SSD/Windows 11 Home/6 GB Graphics/NVIDIA GeF...,60990,AMD Ryzen 5 Hexa Core Processor16 GB DDR5 RAMWindows 11 Operating System512 GB SSD39.62 cm (15.6 Inch) Display1 Year International Travelers Warranty (ITW),27,85999,4.323,23,1
HP,15s AMD Ryzen 3 Quad Core 7320U    , (8 GB/512 GB SSD/Windows 11 Home) 15,32990,AMD Ryzen 3 Quad Core Processor8 GB LPDDR5 RAM64 bit Windows 11 Operating System512 GB SSD39.62 cm (15.6 Inch) Display1 Year Onsite Warranty,28,45438,4.34,"4,422",393
Lenovo,IdeaPad Slim 1 AMD Ryzen 5 Hexa Core 5500U  , (8 GB/512 GB SSD/Windows 11 Home) 15ACL6 | 15ALC7 ...,35430,AMD Ryzen 5 Hexa Core Processor8 GB DDR4 RAM64 bit Windows 11 Operating System512 GB SSD100.63 cm (39.62 cm) DisplayOffice Home and Student 20212 Yr Warranty,11,55090,3.8152,152,16
MSI,Thin 15 Intel Core i5 13th Gen 13420H   , (16 GB/1 TB SSD/Windows 11 Home/6 GB Graphics/NVIDIA GeFor...,81690,Intel Core i5 Processor (13th Gen)16 GB DDR4 RAMWindows 11 Operating System1 TB SSD39.62 cm (15.6 Inch) Display2 Year Onsite Warranty,13,94990,3.73,3,0
MSI,Thin A15 AMD Ryzen 5 Hexa Core 7535HS   , (16 GB/512 GB SSD/Windows 11 Home/4 GB Graphics/NVIDIA GeF...,59990,AMD Ryzen 5 Hexa Core Processor16 GB DDR5 RAMWindows 11 Operating System512 GB SSD39.62 cm (15.6 Inch) Display2 Year Onsite Warranty,33,78990,4.187,87,13
Acer,Swift Go 14 EVO OLED Intel Core i5 13th Gen 13500H, (16 GB/512 GB SSD/Windows 11 Home) SFG14,59989,Intel Core i5 Processor (13th Gen)16 GB LPDDR5 RAMWindows 11 Operating System512 GB SSD35.56 cm (14 Inch) Display1 Year Onsite Warranty,31,93999,4.2159,159,4
Acer,Chromebook Plus Google AI Intel Core i3 N305   , (8 GB/256 GB SSD/Chrome OS) CB514,20989,Intel Core i3 Processor8 GB LPDDR5 RAMChrome Operating System256 GB SSD35.56 cm (14 Inch) Display1 Year Carry-in Warranty,28,49999,4.31,"1,819",136
MSI,Sword 16 HX Intel Core i7 14th Gen 14700HX  , (16 GB/1 TB SSD/Windows 11 Home/8 GB Graphics/NVIDIA ...,134790,Intel Core i7 Processor (14th Gen)16 GB DDR5 RAMWindows 11 Operating System1 TB SSD40.64 cm (16 Inch) Display2 Year Onsite Warranty,41,151990,41,"1,420",134
MSI,Cyborg 15 AI PC Intel Core Ultra 5 125H  , (16 GB/1 TB SSD/Windows 11 Home/6 GB Graphics/NVIDIA GeF...,96990,Intel Core Ultra 5 Processor16 GB DDR5 RAMWindows 11 Operating System1 TB SSD39.62 cm (15.6 Inch) Display2 Year Carry-in Warranty,28,111990,4.25,"5,393",292
GIGABYTE,Intel Core i7 12th Gen 12650H     , (16 GB/512 GB SSD/Windows 11 Home/6 GB Graphics/NVIDIA GeForc...,65989,Intel Core i7 Processor (12th Gen)16 GB DDR4 RAMWindows 11 Operating System512 GB SSD38.1 cm (15 inch) Display2 Year Carry-in Warranty,28,148500,4.271,71,5
Lenovo,IdeaPad 1 AMD Ryzen 7 Octa Core 5700U   , (16 GB/512 GB SSD/Windows 11 Home) 15ALC7 Thin and Ligh...,46099,AMD Ryzen 7 Octa Core Processor16 GB DDR4 RAMWindows 11 Operating System512 GB SSD100.63 cm (39.62 cm) Display1 Yr. Onsite + 1 Yr. Accidental Damage Protection,17,71290,4.2986,986,77
HP,Pavilion Intel Core i5 12th Gen 1235U    , (16 GB/512 GB SSD/Windows 11 Home) 14,61990,"Intel Core i5 Processor (12th Gen)16 GB DDR4 RAM64 bit Windows 11 Operating System512 GB SSD35.56 cm (14 inch) DisplayMicrosoft Office Home & Student 2021, HP Documentation, HP BIOS recovery, HP Smart1 Year Onsite Warranty",12,73688,4.2288,288,34
HP,AMD Athlon Dual Core 3050U      , (8 GB/512 GB SSD/Windows 11 Home) 15s,25140,AMD Athlon Dual Core Processor8 GB DDR4 RAM64 bit Windows 11 Operating System512 GB SSD39.62 cm (15.6 inch) Display1 Year Onsite Warranty,41,40560,3.98,8,1
ASUS,Vivobook 15 Intel Core i5 12th Gen 1235U   , (16 GB/512 GB SSD/Windows 11 Home) X1504ZA,52990,Intel Core i5 Processor (12th Gen)16 GB DDR4 RAMWindows 11 Operating System512 GB SSD39.62 cm (15.6 Inch) Display1 Year Onsite Warranty,12,66990,4.655,55,7
ASUS,"Vivobook 16X for Creator, Intel Core i7 12th Gen 12700H ", (16 GB/512 GB SSD/Windows 11 Home/4 GB ...,83990,Intel Core i7 Processor (12th Gen)16 GB DDR4 RAMWindows 11 Operating System512 GB SSD40.64 cm (16 Inch) Display1 Year Onsite Warranty,41,100990,4.3448,448,58
Lenovo,LOQ Intel Core i5 12th Gen 12450HX    , (12 GB/512 GB SSD/Windows 11 Home/4 GB Graphics/NVIDIA GeF...,59990,Intel Core i5 Processor (12th Gen)12 GB DDR5 RAMWindows 11 Operating System512 GB SSD100.63 cm (39.62 cm) Display1Yr Warranty and 1 Yr Accidental Damage Protection,63,80090,4.21,"1,987",129
HP,Pavilion Aero AMD Ryzen 5 Hexa Core 7535U   , (16 GB/512 GB SSD/Windows 11 Home) 13,69990,AMD Ryzen 5 Hexa Core Processor16 GB LPDDR5 RAMWindows 11 Operating System512 GB SSD33.78 cm (13.3 Inch) Display1 Year Onsite Warranty,32,80314,4.2582,582,26
MSI,Cyborg 15 AI PC Intel Core Ultra 7 155H  , (16 GB/1 TB SSD/Windows 11 Home/8 GB Graphics/NVIDIA GeF...,113290,Intel Core Ultra 7 Processor16 GB DDR5 RAMWindows 11 Operating System1 TB SSD39.62 cm (15.6 Inch) Display2 Year Carry-in Warranty,50,129990,4.1348,348,36
MSI,Cyborg 15 Intel Core i5 12th Gen 12450H   , (16 GB/512 GB SSD/Windows 11 Home/4 GB Graphics/NVIDIA G...,52990,Intel Core i5 Processor (12th Gen)16 GB DDR5 RAMWindows 11 Operating System512 GB SSD39.62 cm (15.6 Inch) Display2 Year Onsite Warranty,32,89990,4.129,29,2
Acer,Swift Go 14 TouchScreen AI PC Intel Core Ultra 5 125H, (16 GB/512 GB SSD/Windows 11 Home) SFG14,74990,Intel Core Ultra 5 Processor16 GB LPDDR5X RAMWindows 11 Operating System512 GB SSD35.56 cm (14 Inch) Touchscreen Display1 Year Carry-in Warranty,26,92999,4.86,6,1
ASUS,Vivobook Go 15 AMD Ryzen 5 Quad Core 7520U  , (8 GB/512 GB SSD/Windows 11 Home) E1504FA,37990,AMD Ryzen 5 Quad Core Processor8 GB LPDDR5 RAMWindows 11 Operating System512 GB SSD39.62 cm (15.6 Inch) Display1 Year Onsite Warranty,29,66990,41,"1,420",134
HP,250 G9 Intel Core i3 12th Gen Intel Core i3 1215U, (8 GB/512 GB SSD/Windows 11 Home) 250 G9 Busine...,32320,Intel Core i3 Processor (12th Gen)8 GB DDR4 RAM64 bit Windows 11 Operating System512 GB SSD39.62 cm (15.6 inch) DisplayWindows1 year Domestic warranty,27,45000,4.31,"1,558",157
Acer,Aspire 3 Intel Core i3 13th Gen 1305U   , (8 GB/512 GB SSD/Windows 11 Home) A324,29989,Intel Core i3 Processor (13th Gen)8 GB DDR4 RAMWindows 11 Operating System512 GB SSD35.56 cm (14 Inch) Display1 Year Carry-in Warranty,35,49999,4.323,23,1
MSI,Katana 15 Intel Core i7 13th Gen 13620H   , (16 GB/1 TB SSD/Windows 11 Home/6 GB Graphics/NVIDIA GeF...,76590,Intel Core i7 Processor (13th Gen)16 GB DDR5 RAMWindows 11 Operating System1 TB SSD39.62 cm (15.6 Inch) Display2 Year Onsite Warranty,14,154990,3.73,3,0
MSI,Thin 15 Intel Core i5 13th Gen 13420H   , (16 GB/1 TB SSD/Windows 11 Home/6 GB Graphics/NVIDIA GeFor...,81690,Intel Core i5 Processor (13th Gen)16 GB DDR4 RAMWindows 11 Operating System1 TB SSD39.62 cm (15.6 Inch) Display2 Year Onsite Warranty,24,94990,4.2786,786,50
HP,AMD Athlon Dual Core 3050U      , (8 GB/512 GB SSD/Windows 11 Home) 15s,25140,AMD Athlon Dual Core Processor8 GB DDR4 RAM64 bit Windows 11 Operating System512 GB SSD39.62 cm (15.6 inch) Display1 Year Onsite Warranty,36,40560,4.25,"5,105",508
MSI,Modern 15 Intel Core i5 12th Gen 1235U   , (16 GB/512 GB SSD/Windows 11 Home) Modern 15 B12MO,39990,Intel Core i5 Processor (12th Gen)16 GB DDR4 RAMWindows 11 Operating System512 GB SSD39.62 cm (15.6 Inch) Display1 Year Onsite Warranty,58,57990,4.211,"11,945",888
MSI,Thin A15 AMD Ryzen 5 Hexa Core 7535HS   , (16 GB/512 GB SSD/Windows 11 Home/4 GB Graphics/NVIDIA GeF...,59990,AMD Ryzen 5 Hexa Core Processor16 GB DDR5 RAMWindows 11 Operating System512 GB SSD39.62 cm (15.6 Inch) Display2 Year Onsite Warranty,11,78990,4.4311,311,25
MSI,Sword 16 HX Intel Core i7 14th Gen 14700HX  , (16 GB/1 TB SSD/Windows 11 Home/8 GB Graphics/NVIDIA ...,134790,Intel Core i7 Processor (14th Gen)16 GB DDR5 RAMWindows 11 Operating System1 TB SSD40.64 cm (16 Inch) Display2 Year Onsite Warranty,13,151990,4.298,98,10
HP,AMD Ryzen 7 Octa Core 5700U     , (16 GB/512 GB SSD/Windows 11 Home) 15s,44122,AMD Ryzen 7 Octa Core Processor16 GB DDR4 RAMWindows 11 Operating System512 GB SSD39.62 cm (15.6 Inch) Display1 Year Onsite Warranty,55,64235,4.25,"5,393",292
ASUS,Vivobook Go 15 AMD Ryzen 3 Quad Core 7320U  , (8 GB/512 GB SSD/Windows 11 Home) E1504FA,32800,AMD Ryzen 3 Quad Core Processor8 GB LPDDR5 RAMWindows 11 Operating System512 GB SSD39.62 cm (15.6 Inch) Display1 Year Onsite Warranty,35,50990,3.9293,293,28
Acer,One Intel Core i3 11th Gen 1115G4    , (8 GB/512 GB SSD/Windows 11 Home) AO 14 Z 8,28990,Intel Core i3 Processor (11th Gen)8 GB DDR4 RAM64 bit Windows 11 Operating System512 GB SSD35.56 cm (14 Inch) Display1 Year Warranty,15,43999,4197,197,10
Lenovo,LOQ AMD Ryzen 5 Quad Core 7235HS    , (24 GB/512 GB SSD/Windows 11 Home/6 GB Graphics/NVIDIA GeFor...,67490,AMD Ryzen 5 Quad Core Processor24 GB DDR5 RAMWindows 11 Operating System512 GB SSD39.62 cm (15.6 Inch) Display1Yr Warranty and 1 Yr Accidental Damage Protection,38,82690,4.339,39,2
MSI,Cyborg 15 AI PC Intel Core Ultra 5 125H  , (16 GB/1 TB SSD/Windows 11 Home/6 GB Graphics/NVIDIA GeF...,96990,Intel Core Ultra 5 Processor16 GB DDR5 RAMWindows 11 Operating System1 TB SSD39.62 cm (15.6 Inch) Display2 Year Carry-in Warranty,20,111990,4.25,"5,105",508
Lenovo,IdeaPad Flex 5 Intel Core i3 13th Gen 1315U  , (8 GB/512 GB SSD/Windows 11 Home) 14IRU8 2 in 1 L...,52100,Intel Core i3 Processor (13th Gen)8 GB LPDDR4X RAMWindows 11 Operating System512 GB SSD90.32 cm (35.56 cm) Touchscreen Display1Yr Warranty + 1 Yr Premium Care and 1 Yr Accidental Damage Protection,16,83890,4.543,43,3
ASUS,Vivobook 15 Intel Core i5 12th Gen 1235U   , (16 GB/512 GB SSD/Windows 11 Home) X1502ZA,51990,Intel Core i5 Processor (12th Gen)16 GB DDR4 RAMWindows 11 Operating System512 GB SSD39.62 cm (15.6 Inch) Display1 Year Onsite Warranty,25,74990,4.343,430,28
Acer,Aspire 3 Backlit AMD Ryzen 7 Octa Core 7730U  , (16 GB/512 GB SSD/Windows 11 Home) A325,39990,AMD Ryzen 7 Octa Core Processor16 GB DDR4 RAMWindows 11 Operating System512 GB SSD39.62 cm (15.6 Inch) Display1 Year Carry-in Warranty,12,74990,4.33,"3,102",233
Lenovo,V14 Intel Core i5 12th Gen 1235U    , (8 GB/512 GB SSD/Windows 11 Home) V14 ITL G2 Thin and Light ...,39400,Intel Core i5 Processor (12th Gen)8 GB DDR4 RAM64 bit Windows 11 Operating System512 GB SSD35.56 cm (14 inch) DisplayN/A1 Year Carry In To SERVICE CENTER WARRANTY,16,66470,3.98,8,1
ASUS,"Vivobook 15, with Backlit Keyboard, Intel Core i5 13th Gen 1335U", (8 GB/512 GB SSD/Windows 11 Ho...,54990,Intel Core i5 Processor (13th Gen)8 GB DDR4 RAMWindows 11 Operating System512 GB SSD39.62 cm (15.6 Inch) Display1 Year Onsite Warranty,36,74990,4.655,55,7
ASUS,Vivobook Go 14 AMD Ryzen 3 Quad Core 7320U  , (8 GB/512 GB SSD/Windows 11 Home) E1404FA,33990,AMD Ryzen 3 Quad Core Processor8 GB LPDDR5 RAMWindows 11 Operating System512 GB SSD35.56 cm (14 Inch) Display1 Year Onsite Warranty,35,50990,4.11,"1,924",130
Lenovo,Yoga 7 WUXGA        ,OLED Intel Core i7 13th Gen 1360P ,99208,Intel Core i7 Processor (13th Gen)16 GB LPDDR5 RAMWindows 11 Operating System1 TB SSD35.56 cm (14 inch) Touchscreen Display1Yr Warranty + 1 Yr Premium Care and 1 Yr Accidental Damage Protection,38,162290,4.244,44,7
Lenovo,IdeaPad Slim 3 Backlit Intel Core i5 12th Gen 12450H , (16 GB/512 GB SSD/Windows 11 Home) 15IAH...,53499,Intel Core i5 Processor (12th Gen)16 GB LPDDR5 RAMWindows 11 Operating System512 GB SSD39.62 cm (15.6 Inch) Display1 Yr. Onsite + 1 Yr. Accidental Damage Protection,55,75000,4.129,29,2
HP,AMD Ryzen 5 Hexa Core 5500U     , (16 GB/512 GB SSD/Windows 11 Home) 15s,42990,"AMD Ryzen 5 Hexa Core Processor16 GB DDR4 RAM64 bit Windows 11 Operating System512 GB SSD39.62 cm (15.6 inch) DisplayMicrosoft Office 2021 Home & Student, HP Documentation, HP BIOS recovery, HP Smart1 Year Onsite Warranty",12,59109,3.717,17,0
MSI,Cyborg 15 AI PC Intel Core Ultra 7 155H  , (16 GB/1 TB SSD/Windows 11 Home/8 GB Graphics/NVIDIA GeF...,113290,Intel Core Ultra 7 Processor16 GB DDR5 RAMWindows 11 Operating System1 TB SSD39.62 cm (15.6 Inch) Display2 Year Carry-in Warranty,41,129990,4.3101,101,13
MSI,Cyborg 15 Intel Core i5 12th Gen 12450H   , (16 GB/512 GB SSD/Windows 11 Home/4 GB Graphics/NVIDIA G...,52990,Intel Core i5 Processor (12th Gen)16 GB DDR5 RAMWindows 11 Operating System512 GB SSD39.62 cm (15.6 Inch) Display2 Year Onsite Warranty,19,89990,3.844,44,1
Acer,Aspire 3 Backlit Intel Core i5 12th Gen 1235U  , (8 GB/512 GB SSD/Windows 11 Home) A324,38990,Intel Core i5 Processor (12th Gen)8 GB DDR4 RAM64 bit Windows 11 Operating System512 GB SSD35.56 cm (14 Inch) Display1 Year Domestic Warranty,43,53000,4.3181,181,16
Lenovo,AMD Ryzen 3 Octa Core      , (8 GB/512 GB SSD/Windows 11 Home) G4 82YTA00XIN Laptop,26990,AMD Ryzen 3 Octa Core Processor8 GB DDR4 RAMWindows 11 Operating System512 GB SSD35.56 cm (14 inch) Display12 MONTHS,28,65667,4.3195,195,6
MSI,Katana 15 Intel Core i7 13th Gen 13620H   , (16 GB/1 TB SSD/Windows 11 Home/6 GB Graphics/NVIDIA GeF...,76590,Intel Core i7 Processor (13th Gen)16 GB DDR5 RAMWindows 11 Operating System1 TB SSD39.62 cm (15.6 Inch) Display2 Year Onsite Warranty,40,154990,4.86,6,1
MSI,Cyborg 15 Intel Core i5 12th Gen 12450H   , (16 GB/512 GB SSD/Windows 11 Home/6 GB Graphics/NVIDIA G...,63990,Intel Core i5 Processor (12th Gen)16 GB DDR5 RAMWindows 11 Operating System512 GB SSD39.62 cm (15.6 Inch) Display2 Year Onsite Warranty,50,94990,4.324,24,1
Lenovo,IdeaPad Pro 5 2.8K OLED AI PC Intel Core Ultra 9, (32 GB/1 TB SSD/Windows 11 Home) 14IMH9...,106990,Intel Core Ultra 9 Processor32 GB LPDDR5X RAMWindows 11 Operating System1 TB SSD35.56 cm (14 Inch) Display1Yr Warranty + 1 Yr Premium Care and 1 Yr Accidental Damage Protection,14,146890,4.22,"2,251",230
HP,14s Intel Core i3 12th Gen 1215U    , (8 GB/512 GB SSD/Windows 11 Home) 14s ,36980,Intel Core i3 Processor (12th Gen)8 GB DDR4 RAM64 bit Windows 11 Operating System512 GB SSD35.56 cm (14 Inch) Display1 Year Onsite Warranty,38,51265,4.43,"3,044",330
ASUS,ExpertBook B14 Intel Core i3 12th Gen 1215U   , (8 GB/512 GB SSD/Windows 11 Home) B1402CBA,36990,Intel Core i3 Processor (12th Gen)8 GB DDR4 RAMWindows 11 Operating System512 GB SSD35.56 cm (14 Inch) Display1 Year Onsite Warranty,31,50990,3.73,3,0
Acer,Aspire 3 Intel Core i7 12th Gen 1255U   , (16 GB/1 TB SSD/Windows 11 Home) A324,50990,Intel Core i7 Processor (12th Gen)16 GB DDR4 RAM64 bit Windows 11 Operating System1 TB SSD35.56 cm (14 Inch) Display1 Year Domestic Warranty,24,68000,4.42,"2,766",310
MSI,Thin 15 Intel Core i5 13th Gen 13420H   , (16 GB/1 TB SSD/Windows 11 Home/6 GB Graphics/NVIDIA GeFor...,81690,Intel Core i5 Processor (13th Gen)16 GB DDR4 RAMWindows 11 Operating System1 TB SSD39.62 cm (15.6 Inch) Display2 Year Onsite Warranty,11,94990,3.72,"2,077",180
MSI,Thin A15 AMD Ryzen 5 Hexa Core 7535HS   , (16 GB/512 GB SSD/Windows 11 Home/4 GB Graphics/NVIDIA GeF...,59990,AMD Ryzen 5 Hexa Core Processor16 GB DDR5 RAMWindows 11 Operating System512 GB SSD39.62 cm (15.6 Inch) Display2 Year Onsite Warranty,31,78990,4.2289,289,49
DELL,Intel Core i3 12th Gen 1215U     , (8 GB/512 GB SSD/Windows 11 Home) New Inspiron 15 Laptop Thin and ...,33470,"Processor: Intel i3-1215U (Base- 0.9 GHz & Turbo up to 4.40 GHz) 6 CoresRAM & Storage: 8GB DDR4 & 512GB SSDGraphics & Keyboard: Integrated & Standard KeyboardDisplay: 15.6"" FHD WVA AG 120Hz 250 nits Narrow BorderIntel Core i3 Processor (12th Gen)8 GB DDR4 RAM64 bit Windows 11 Operating System512 GB SSD96.52 cm (38 cm) Display1 Year Onsite Hardware Service",35,47869,4.2542,542,45
ASUS,Vivobook Go 15 OLED AMD Ryzen 3 Quad Core 7320U , (8 GB/512 GB SSD/Windows 11 Home) E1504FA,41990,AMD Ryzen 3 Quad Core Processor8 GB LPDDR5 RAMWindows 11 Operating System512 GB SSD39.62 cm (15.6 Inch) Display1 Year Onsite Warranty,34,61990,4.21,"1,022",60
MSI,Sword 16 HX Intel Core i7 14th Gen 14700HX  , (16 GB/1 TB SSD/Windows 11 Home/8 GB Graphics/NVIDIA ...,134790,Intel Core i7 Processor (14th Gen)16 GB DDR5 RAMWindows 11 Operating System1 TB SSD40.64 cm (16 Inch) Display2 Year Onsite Warranty,18,151990,4.1429,429,29
MSI,Cyborg 15 AI PC Intel Core Ultra 5 125H  , (16 GB/1 TB SSD/Windows 11 Home/6 GB Graphics/NVIDIA GeF...,96990,Intel Core Ultra 5 Processor16 GB DDR5 RAMWindows 11 Operating System1 TB SSD39.62 cm (15.6 Inch) Display2 Year Carry-in Warranty,13,111990,4.3297,297,34
MSI,Modern 15 AMD Ryzen 5 Hexa Core 7530U   , (8 GB/512 GB SSD/Windows 11 Home) Modern 15 B7M,33990,AMD Ryzen 5 Hexa Core Processor8 GB DDR4 RAMWindows 11 Operating System512 GB SSD39.62 cm (15.6 Inch) Display1 Year Carry-in Warranty,37,62990,3.844,44,1
ASUS,Chromebook Intel Celeron Dual Core N4500     , (4 GB/128 GB EMMC Storage/Chrome OS) CX1500CKA,17990,Intel Celeron Dual Core Processor4 GB LPDDR4X RAMChrome Operating System39.62 cm (15.6 Inch) Display1 Year Onsite Warranty,30,32990,3.98,8,1
Infinix,Y4 Max Series Intel Core i5 13th Gen 1335U  , (16 GB/512 GB SSD/Windows 11 Home) YL613 Thin and...,38990,Intel Core i5 Processor (13th Gen)16 GB LPDDR4X RAMWindows 11 Operating System512 GB SSD40.64 cm (16 inch) DisplayNA1 Year Onsite Warranty,46,64990,4.655,55,7
Acer,Aspire 7 Intel Core i5 13th Gen 13420H   , (16 GB/512 GB SSD/Windows 11 Home/6 GB Graphics/NVIDIA G...,63990,Intel Core i5 Processor (13th Gen)16 GB DDR4 RAMWindows 11 Operating System512 GB SSD39.62 cm (15.6 Inch) Display1 Year Onsite Warranty,40,89999,4.177,77,4
DELL,Inspiron 3520 Intel Core i5 12th Gen 1235U   , (8 GB/512 GB SSD/Windows 11 Home) 0IN352010031RINB1M...,43990,Intel Core i5 Processor (12th Gen)8 GB DDR4 RAMWindows 11 Operating System512 GB SSD39.62 cm (15.6 Inch) Display1 Year Onsite Warranty,26,63333,4.2123,123,18
DELL,"Inspiron 15 3520 with Backlit Keyboard, Intel Core i5 12th Gen", (16 GB/512 GB SSD/Window...,49890,"Intel Core i5 Processor (12th Gen)16 GB DDR4 RAM64 bit Windows 11 Operating System512 GB SSD39.62 cm (15.6 inch) DisplayOffice Home & Student 2021, Microsoft Windows, 15 Months Macafee Antivirus1 Year Onsite Warranty",33,78900,4.1272,272,46
Acer,Swift Go 14 AMD Ryzen 7 Octa Core 7730U  , (16 GB/512 GB SSD/Windows 11 Home) SFG14,46990,AMD Ryzen 7 Octa Core Processor16 GB LPDDR4X RAMWindows 11 Operating System512 GB SSD35.56 cm (14 Inch) Display1 Year Carry-in Warranty,38,81999,4.42,"2,766",310
HP,14s Intel Core i3 12th Gen 1215U    , (8 GB/512 GB SSD/Windows 11 Home) 14s ,36980,Intel Core i3 Processor (12th Gen)8 GB DDR4 RAM64 bit Windows 11 Operating System512 GB SSD35.56 cm (14 Inch) Display1 Year Onsite Warranty,31,51265,4.129,29,2
MSI,Cyborg 15 AI PC Intel Core Ultra 7 155H  , (16 GB/1 TB SSD/Windows 11 Home/8 GB Graphics/NVIDIA GeF...,113290,Intel Core Ultra 7 Processor16 GB DDR5 RAMWindows 11 Operating System1 TB SSD39.62 cm (15.6 Inch) Display2 Year Carry-in Warranty,38,129990,3.717,17,0
MSI,Cyborg 15 Intel Core i5 12th Gen 12450H   , (16 GB/512 GB SSD/Windows 11 Home/4 GB Graphics/NVIDIA G...,52990,Intel Core i5 Processor (12th Gen)16 GB DDR5 RAMWindows 11 Operating System512 GB SSD39.62 cm (15.6 Inch) Display2 Year Onsite Warranty,30,89990,41,"1,420",134
Acer,Aspire 3 Spin 14 Intel Core i3 13th Gen N305 , (8 GB/512 GB SSD/Windows 11 Home) A3SP14,41990,Intel Core i3 Processor (13th Gen)8 GB LPDDR5 RAMWindows 11 Operating System512 GB SSD35.56 cm (14 inch) Touchscreen Display1 Year Onsite Warranty,37,55999,4.3138,138,20
MSI,Modern 15 Intel Core i7 12th Gen 1255U   , (16 GB/512 GB SSD/Windows 11 Home) Modern 15 B12MO,45990,Intel Core i7 Processor (12th Gen)16 GB DDR4 RAMWindows 11 Operating System512 GB SSD39.62 cm (15.6 Inch) Display1 Year Onsite Warranty,19,66990,4.86,6,1
Infinix,GT Book Intel Core i5 12th Gen 12450H   , (16 GB/512 GB SSD/Windows 11 Home/6 GB Graphics/NVIDIA...,57990,Intel Core i5 Processor (12th Gen)16 GB LPDDR5 RAMWindows 11 Operating System512 GB SSD40.64 cm (16 inch) DisplayControl Center1 Year Domestic Onsite Warranty On Laptop and 6 Months On Adapter,28,99990,4.324,24,1
MSI,Modern 14 AMD Ryzen 5 Hexa Core 7530U   , (8 GB/512 GB SSD/Windows 11 Home) Modern 14 C7M,33990,AMD Ryzen 5 Hexa Core Processor8 GB DDR4 RAMWindows 11 Operating System512 GB SSD35.56 cm (14 Inch) Display1 Year Onsite Warranty,27,61990,4.2744,744,70
MSI,Katana 15 Intel Core i7 13th Gen 13620H   , (16 GB/1 TB SSD/Windows 11 Home/6 GB Graphics/NVIDIA GeF...,76590,Intel Core i7 Processor (13th Gen)16 GB DDR5 RAMWindows 11 Operating System1 TB SSD39.62 cm (15.6 Inch) Display2 Year Onsite Warranty,12,154990,4.21,"1,987",129
MSI,Cyborg 15 Intel Core i5 12th Gen 12450H   , (16 GB/512 GB SSD/Windows 11 Home/6 GB Graphics/NVIDIA G...,63990,Intel Core i5 Processor (12th Gen)16 GB DDR5 RAMWindows 11 Operating System512 GB SSD39.62 cm (15.6 Inch) Display2 Year Onsite Warranty,41,94990,4.11,"1,792",131
HP,AMD Athlon Dual Core 3050U      , (8 GB/512 GB SSD/Windows 11 Home) 15s,25140,AMD Athlon Dual Core Processor8 GB DDR4 RAM64 bit Windows 11 Operating System512 GB SSD39.62 cm (15.6 inch) Display1 Year Onsite Warranty,26,40560,3.9154,154,6
MSI,Thin A15 AMD Ryzen 5 Hexa Core 7535HS   , (16 GB/512 GB SSD/Windows 11 Home/4 GB Graphics/NVIDIA GeF...,51990,AMD Ryzen 5 Hexa Core Processor16 GB DDR5 RAMWindows 11 Operating System512 GB SSD39.62 cm (15.6 Inch) Display2 Year Onsite Warranty,58,72990,3.73,3,0
MSI,Thin 15 Intel Core i5 13th Gen 13420H   , (16 GB/1 TB SSD/Windows 11 Home/6 GB Graphics/NVIDIA GeFor...,81690,Intel Core i5 Processor (13th Gen)16 GB DDR4 RAMWindows 11 Operating System1 TB SSD39.62 cm (15.6 Inch) Display2 Year Onsite Warranty,50,94990,4.31,"1,194",109
MSI,Thin A15 AMD Ryzen 5 Hexa Core 7535HS   , (16 GB/512 GB SSD/Windows 11 Home/4 GB Graphics/NVIDIA GeF...,59990,AMD Ryzen 5 Hexa Core Processor16 GB DDR5 RAMWindows 11 Operating System512 GB SSD39.62 cm (15.6 Inch) Display2 Year Onsite Warranty,32,78990,4.2252,252,14
Acer,Aspire 3 Intel Core i3 12th Gen    , (8 GB/512 GB SSD/Windows 11 Home) A315,30600,Intel Core i3 Processor (12th Gen)8 GB DDR4 RAM64 bit Windows 11 Operating System512 GB SSD39.62 cm (15.6 inch) Display1 Year International Travelers Warranty (ITW),27,54999,4.211,"11,960",889
ASUS,Vivobook Go 15 AMD Ryzen 5 Quad Core 7520U  , (8 GB/512 GB SSD/Windows 11 Home) E1504FA,37990,AMD Ryzen 5 Quad Core Processor8 GB LPDDR5 RAMWindows 11 Operating System512 GB SSD39.62 cm (15.6 Inch) Display1 Year Onsite Warranty,27,66990,4.43,"3,044",330
HP,Chromebook Intel Celeron Quad Core N4120     , (4 GB/64 GB EMMC Storage/Chrome OS) 14a,20990,Intel Celeron Quad Core Processor4 GB LPDDR4 RAM64 bit Chrome Operating System35.56 cm (14 Inch) Touchscreen Display1 Year Onsite warranty,27,32279,4.529,29,2
HP,240 G9 Intel Core i3 12th Gen 1215   , (8 GB/512 GB SSD/Windows 11 Home) 240 G9 Laptop,32680,Intel Core i3 Processor (12th Gen)8 GB DDR4 RAM64 bit Windows 11 Operating System512 GB SSD35.56 cm (14 inch) DisplayMS OFFICE1 year Onsite Warrenty,25,58636,4113,113,10
MSI,Sword 16 HX Intel Core i7 14th Gen 14700HX  , (16 GB/1 TB SSD/Windows 11 Home/8 GB Graphics/NVIDIA ...,134790,Intel Core i7 Processor (14th Gen)16 GB DDR5 RAMWindows 11 Operating System1 TB SSD40.64 cm (16 Inch) Display2 Year Onsite Warranty,14,151990,4.31,"1,558",157
MSI,Cyborg 15 AI PC Intel Core Ultra 5 125H  , (16 GB/1 TB SSD/Windows 11 Home/6 GB Graphics/NVIDIA GeF...,96990,Intel Core Ultra 5 Processor16 GB DDR5 RAMWindows 11 Operating System1 TB SSD39.62 cm (15.6 Inch) Display2 Year Carry-in Warranty,24,111990,4.533,33,2
Lenovo,LOQ Intel Core i5 13th Gen 13450HX    , (16 GB/512 GB SSD/Windows 11 Home/6 GB Graphics/NVIDIA GeF...,77990,Intel Core i5 Processor (13th Gen)16 GB DDR5 RAMWindows 11 Operating System512 GB SSD39.62 cm (15.6 Inch) DisplayOffice Home & Student 20211Yr Warranty and 1 Yr Accidental Damage Protection,30,109010,3.98,8,1
Lenovo,IdeaPad Slim 5 Intel Core i7 13th Gen 13700H  , (16 GB/1 TB SSD/Windows 11 Home) 16IRL8 Laptop,84690,Intel Core i7 Processor (13th Gen)16 GB LPDDR5 RAMWindows 11 Operating System1 TB SSD40.64 cm (16 inch) Display1Yr Warranty + 1 Yr Premium Care and 1 Yr Accidental Damage Protection,32,125890,4.655,55,7
Acer,One Intel Core i3 11th Gen 1115G4    , (8 GB/512 GB SSD/Windows 11 Home) AO 14 Z 8,28990,Intel Core i3 Processor (11th Gen)8 GB DDR4 RAM64 bit Windows 11 Operating System512 GB SSD35.56 cm (14 Inch) Display1 Year Warranty,11,43999,4.339,39,2
ASUS,Vivobook Go 15 OLED AMD Ryzen 3 Quad Core 7320U , (8 GB/512 GB SSD/Windows 11 Home) E1504FA,41990,AMD Ryzen 3 Quad Core Processor8 GB LPDDR5 RAMWindows 11 Operating System512 GB SSD39.62 cm (15.6 Inch) Display1 Year Onsite Warranty,13,61990,4.324,24,1
ASUS,"TUF Gaming F15, 90WHrs Battery Intel Core i7 13th Gen 13620H", (16 GB/512 GB SSD/Windows 11 Home/...,100990,Intel Core i7 Processor (13th Gen)16 GB DDR5 RAMWindows 11 Operating System512 GB SSD39.62 cm (15.6 Inch) Display1 Year Onsite warranty,46,121990,4.129,29,2
HP,Pavilion 14 Touchscreen Intel Core i5 12th Gen 1235U  , (16 GB/512 GB SSD/Windows 11 Home) Pavilion ...,61990,Intel Core i5 Processor (12th Gen)16 GB DDR4 RAM64 bit Windows 11 Operating System512 GB SSD35.56 cm (14 inch) Touchscreen DisplayOffice Home and Student 20211 Year Warranty,45,77718,3.717,17,0
MSI,Modern 15 Intel Core i5 12th Gen 1235U   , (8 GB/512 GB SSD/Windows 11 Home) Modern 15 B12MO,36990,Intel Core i5 Processor (12th Gen)8 GB DDR4 RAMWindows 11 Operating System512 GB SSD39.62 cm (15.6 Inch) Display1 Year Onsite Warranty,40,54990,4.135,35,3
Acer,ALG Intel Core i5 12th Gen 12450H    , (16 GB/1 TB SSD/Windows 11 Home/4 GB Graphics/NVIDIA GeForce ...,57990,Intel Core i5 Processor (12th Gen)16 GB DDR4 RAMWindows 11 Operating System1 TB SSD39.62 cm (15.6 Inch) Display1 Year Onsite Warranty,28,92999,4.3448,448,58
MSI,Cyborg 15 AI PC Intel Core Ultra 7 155H  , (16 GB/1 TB SSD/Windows 11 Home/8 GB Graphics/NVIDIA GeF...,113290,Intel Core Ultra 7 Processor16 GB DDR5 RAMWindows 11 Operating System1 TB SSD39.62 cm (15.6 Inch) Display2 Year Carry-in Warranty,30,129990,4.3101,101,13
MSI,Cyborg 15 Intel Core i5 12th Gen 12450H   , (16 GB/512 GB SSD/Windows 11 Home/4 GB Graphics/NVIDIA G...,52990,Intel Core i5 Processor (12th Gen)16 GB DDR5 RAMWindows 11 Operating System512 GB SSD39.62 cm (15.6 Inch) Display2 Year Onsite Warranty,36,89990,4.2711,711,49
ASUS,Vivobook 15 Intel Core i5 13th Gen 1335U   , (8 GB/512 GB SSD/Windows 11 Home) X1504VA,54990,Intel Core i5 Processor (13th Gen)8 GB DDR4 RAMWindows 11 Operating System512 GB SSD39.62 cm (15.6 Inch) Display1 Year Onsite Warranty,36,74990,4.86,6,1
MSI,Thin A15 AMD Ryzen 5 Hexa Core 7535HS   , (16 GB/512 GB SSD/Windows 11 Home/4 GB Graphics/NVIDIA GeF...,59990,AMD Ryzen 5 Hexa Core Processor16 GB DDR5 RAMWindows 11 Operating System512 GB SSD39.62 cm (15.6 Inch) Display2 Year Onsite Warranty,58,78990,3.73,3,0
MSI,Katana 15 Intel Core i7 13th Gen 13620H   , (16 GB/1 TB SSD/Windows 11 Home/6 GB Graphics/NVIDIA GeF...,76590,Intel Core i7 Processor (13th Gen)16 GB DDR5 RAMWindows 11 Operating System1 TB SSD39.62 cm (15.6 Inch) Display2 Year Onsite Warranty,26,154990,3.923,23,1
MSI,Cyborg 15 Intel Core i5 12th Gen 12450H   , (16 GB/512 GB SSD/Windows 11 Home/6 GB Graphics/NVIDIA G...,63990,Intel Core i5 Processor (12th Gen)16 GB DDR5 RAMWindows 11 Operating System512 GB SSD39.62 cm (15.6 Inch) Display2 Year Onsite Warranty,24,94990,4.11,"1,594",204
Acer,Aspire Lite AMD Ryzen 3 Quad Core 5300U   , (8 GB/256 GB SSD/Windows 11 Home) AL15,26990,AMD Ryzen 3 Quad Core Processor8 GB DDR4 RAMWindows 11 Operating System256 GB SSD39.62 cm (15.6 Inch) Display1 Year Carry-in Warranty,28,44990,4.114,14,2
Acer,Swift Go 14 TouchScreen AI PC Intel Core Ultra 5 125H, (16 GB/512 GB SSD/Windows 11 Home) SFG14,74990,Intel Core Ultra 5 Processor16 GB LPDDR5X RAMWindows 11 Operating System512 GB SSD35.56 cm (14 Inch) Touchscreen Display1 Year Carry-in Warranty,42,92999,4.2746,746,64
Lenovo,IdeaPad Pro 5 2.8K OLED AI PC Intel Core Ultra 9, (32 GB/1 TB SSD/Windows 11 Home) 14IMH9...,106990,Intel Core Ultra 9 Processor32 GB LPDDR5X RAMWindows 11 Operating System1 TB SSD35.56 cm (14 Inch) Display1Yr Warranty + 1 Yr Premium Care and 1 Yr Accidental Damage Protection,27,146890,4.474,74,8
Lenovo,V15 Series AMD Athlon Dual Core 7120U    , (8 GB/512 GB SSD/Windows 11 Home) V15 Thin and Light La...,25990,AMD Athlon Dual Core Processor8 GB DDR5 RAMWindows 11 Operating System512 GB SSD39.62 cm (15.6 Inch) Display1 Year Onsite Warranty,12,38000,4.17,7,1
MSI,Thin 15 Intel Core i5 13th Gen 13420H   , (16 GB/1 TB SSD/Windows 11 Home/6 GB Graphics/NVIDIA GeFor...,81690,Intel Core i5 Processor (13th Gen)16 GB DDR4 RAMWindows 11 Operating System1 TB SSD39.62 cm (15.6 Inch) Display2 Year Onsite Warranty,41,94990,4.1357,357,36
MSI,Sword 16 HX Intel Core i7 14th Gen 14700HX  , (16 GB/1 TB SSD/Windows 11 Home/8 GB Graphics/NVIDIA ...,134790,Intel Core i7 Processor (14th Gen)16 GB DDR5 RAMWindows 11 Operating System1 TB SSD40.64 cm (16 Inch) Display2 Year Onsite Warranty,25,151990,3.98,8,1
DELL,Intel Core i5 13th Gen 1334U     , (16 GB/512 GB SSD/Windows 11 Home) Vostro 3530 Thin and Light Lapt...,52990,Intel Core i5 Processor (13th Gen)16 GB DDR4 RAMWindows 11 Operating System512 GB SSD39.62 cm (15.6 Inch) Display1 Year Onsite Hardware Service,31,70761,4.655,55,7
Infinix,X3 Slim Intel Intel Core i3 12th Gen 1215U  , (8 GB/512 GB SSD/Windows 11 Home) XL422 Thin and ...,27990,Intel Core i3 Processor (12th Gen)8 GB LPDDR4X RAMWindows 11 Operating System512 GB SSD35.56 cm (14 Inch) Display1 Year Onsite Warranty,42,54990,490,90,4
MSI,Cyborg 15 AI PC Intel Core Ultra 5 125H  , (16 GB/1 TB SSD/Windows 11 Home/6 GB Graphics/NVIDIA GeF...,96990,Intel Core Ultra 5 Processor16 GB DDR5 RAMWindows 11 Operating System1 TB SSD39.62 cm (15.6 Inch) Display2 Year Carry-in Warranty,45,111990,4.482,820,66
MSI,Thin 15 Intel Core i5 13th Gen 13420H   , (16 GB/512 GB SSD/Windows 11 Home/4 GB Graphics/NVIDIA GeF...,56990,Intel Core i5 Processor (13th Gen)16 GB DDR4 RAMWindows 11 Operating System512 GB SSD39.62 cm (15.6 Inch) Display2 Year Onsite Warranty,50,76990,4.129,29,2
HP,Pavilion Intel Core i5 12th Gen 1235U    , (8 GB/512 GB SSD/Windows 11 Home) 14,56990,"Intel Core i5 Processor (12th Gen)8 GB DDR4 RAM64 bit Windows 11 Operating System512 GB SSD35.56 cm (14 Inch) DisplayHP Documentation, HP BIOS recovery, HP Smart, Microsoft Office Home & Student 20211 Year Onsite Warranty",32,69082,4.86,6,1
HP,255 G8 Silver AMD Ryzen 5 Hexa Core AMD Ryzen 5, (8 GB/256 GB SSD/Windows 11 Home) 255 Busin...,31490,AMD Ryzen 5 Hexa Core Processor8 GB DDR4 RAM32 bit Windows 11 Operating System256 GB SSD39.62 cm (15.6 inch) DisplayWindows1 year Domestic warranty,38,44771,4.51,"1,680",171
HP,Intel Core Ultra 5 125H      , (16 GB/512 GB SSD/Windows 11 Home) 14,67990,Intel Core Ultra 5 Processor16 GB DDR5 RAMWindows 11 Operating System512 GB SSD35.56 cm (14 Inch) Display1 Year Onsite Warranty,28,81894,3.8102,102,9
Acer,Aspire 3 Intel Core i3 13th Gen 1305U   , (8 GB/512 GB SSD/Windows 11 Home) A324,29989,Intel Core i3 Processor (13th Gen)8 GB DDR4 RAMWindows 11 Operating System512 GB SSD35.56 cm (14 Inch) Display1 Year Carry-in Warranty,14,49999,4.32,20,0
MSI,Cyborg 15 AI PC Intel Core Ultra 7 155H  , (16 GB/1 TB SSD/Windows 11 Home/8 GB Graphics/NVIDIA GeF...,113290,Intel Core Ultra 7 Processor16 GB DDR5 RAMWindows 11 Operating System1 TB SSD39.62 cm (15.6 Inch) Display2 Year Carry-in Warranty,24,129990,412,12,2
MSI,Cyborg 15 Intel Core i5 12th Gen 12450H   , (16 GB/512 GB SSD/Windows 11 Home/4 GB Graphics/NVIDIA G...,52990,Intel Core i5 Processor (12th Gen)16 GB DDR5 RAMWindows 11 Operating System512 GB SSD39.62 cm (15.6 Inch) Display2 Year Onsite Warranty,44,89990,4.324,24,1
DELL,Intel Core i5 13th Gen      , (16 GB/1 TB SSD/Windows 11 Home/6 GB Graphics/NVIDIA GeForce RTX 3050) G...,74990,Intel Core i5 Processor (13th Gen)16 GB DDR5 RAMWindows 11 Operating System1 TB SSD39.62 cm (15.6 inch) Display1 Year Manufacturer Warranty,43,104052,3.73,3,0
ASUS,TUF Gaming F15 Intel Core i5 12th Gen 12500H  , (16 GB/512 GB SSD/Windows 11 Home/4 GB Graphics/NV...,75990,Intel Core i5 Processor (12th Gen)16 GB DDR4 RAMWindows 11 Home Operating System512 GB SSD39.62 cm (15.6 Inch) Display1 Year Onsite Warranty,34,87990,3.9154,154,6
MSI,Katana 15 Intel Core i7 13th Gen 13620H   , (16 GB/1 TB SSD/Windows 11 Home/6 GB Graphics/NVIDIA GeF...,76590,Intel Core i7 Processor (13th Gen)16 GB DDR5 RAMWindows 11 Operating System1 TB SSD39.62 cm (15.6 Inch) Display2 Year Onsite Warranty,44,154990,4.35,50,3
MSI,Thin 15 Intel Core i5 13th Gen 13420H   , (16 GB/1 TB SSD/Windows 11 Home/6 GB Graphics/NVIDIA GeFor...,81690,Intel Core i5 Processor (13th Gen)16 GB DDR4 RAMWindows 11 Operating System1 TB SSD39.62 cm (15.6 Inch) Display2 Year Onsite Warranty,11,94990,4.31,"1,194",109
HP,Pavilion AMD Ryzen 5 Dual Core 5500U    , (8 GB/512 GB SSD/Windows 11 Home) 15,48490,AMD Ryzen 5 Dual Core Processor8 GB DDR4 RAMWindows 11 Operating System512 GB SSD39.62 cm (15.6 inch) Display1 Year Onsite Warranty,13,59899,4.339,39,2
Acer,Aspire 3 Intel Celeron Dual Core N4500    , (8 GB/512 GB SSD/Windows 11 Home) A325,23100,Intel Celeron Dual Core Processor8 GB LPDDR4X RAMWindows 11 Operating System512 GB SSD39.62 cm (15.6 Inch) Display1 Year Onsite Warranty,28,30240,4.43,"3,044",330
ASUS,Vivobook Intel Core i7 12th Gen 12700H    , (16 GB/512 GB SSD/Windows 11 Home) X1605ZAC,60990,Intel Core i7 Processor (12th Gen)16 GB DDR4 RAMWindows 11 Operating System512 GB SSD40.64 cm (16 Inch) Display1 Year Onsite Warranty,32,85990,3.717,17,0
MSI,Modern 14 H Intel Core i9 13th Gen 13900H  , (16 GB/1 TB SSD/Windows 11 Home) Modern 14 H D13MG,69990,Intel Core i9 Processor (13th Gen)16 GB DDR4 RAMWindows 11 Operating System1 TB SSD35.56 cm (14 inch) Display1 Year Onsite Warranty,34,88990,4.2252,252,14
MSI,Thin A15 AMD Ryzen 5 Hexa Core 7535HS   , (16 GB/512 GB SSD/Windows 11 Home/4 GB Graphics/NVIDIA GeF...,59990,AMD Ryzen 5 Hexa Core Processor16 GB DDR5 RAMWindows 11 Operating System512 GB SSD39.62 cm (15.6 Inch) Display2 Year Onsite Warranty,32,78990,4.331,310,21
MSI,Sword 16 HX Intel Core i7 14th Gen 14700HX  , (16 GB/1 TB SSD/Windows 11 Home/8 GB Graphics/NVIDIA ...,134790,Intel Core i7 Processor (14th Gen)16 GB DDR5 RAMWindows 11 Operating System1 TB SSD40.64 cm (16 Inch) Display2 Year Onsite Warranty,44,151990,4.1946,946,138
HP,240 G9 Intel Core i3 12th Gen 1215   , (8 GB/512 GB SSD/Windows 11 Home) 240 G9 Laptop,32680,Intel Core i3 Processor (12th Gen)8 GB DDR4 RAM64 bit Windows 11 Operating System512 GB SSD35.56 cm (14 inch) DisplayMS OFFICE1 year Onsite Warrenty,34,58636,3.874,74,2
Lenovo,Intel Core i5 13th Gen 1355U     , (16 GB/512 GB SSD/Windows 11 Home) THINKBOOK 16 G6 IRL 5 Thin an...,55990,Intel Core i5 Processor (13th Gen)16 GB DDR5 RAMWindows 11 Operating System512 GB SSD40.64 cm (16 Inch) Display1 Year Onsite warranty,38,97200,3.517,17,3
MSI,Cyborg 15 AI PC Intel Core Ultra 5 125H  , (16 GB/1 TB SSD/Windows 11 Home/6 GB Graphics/NVIDIA GeF...,96990,Intel Core Ultra 5 Processor16 GB DDR5 RAMWindows 11 Operating System1 TB SSD39.62 cm (15.6 Inch) Display2 Year Carry-in Warranty,44,111990,3.98,8,1
Lenovo,LOQ Intel Core i5 13th Gen 13450HX    , (16 GB/512 GB SSD/Windows 11 Home/6 GB Graphics/NVIDIA GeF...,77990,Intel Core i5 Processor (13th Gen)16 GB DDR5 RAMWindows 11 Operating System512 GB SSD39.62 cm (15.6 Inch) DisplayOffice Home & Student 20211Yr Warranty and 1 Yr Accidental Damage Protection,24,109010,4.655,55,7
ASUS,Vivobook 15 Intel Core i5 13th Gen 1335U   , (8 GB/512 GB SSD/Windows 11 Home) X1504VA,54990,Intel Core i5 Processor (13th Gen)8 GB DDR4 RAMWindows 11 Operating System512 GB SSD39.62 cm (15.6 Inch) Display1 Year Onsite Warranty,17,74990,4.531,31,3
ASUS,Vivobook Go 15 OLED AMD Ryzen 3 Quad Core 7320U , (8 GB/512 GB SSD/Windows 11 Home) E1504FA,41990,AMD Ryzen 3 Quad Core Processor8 GB LPDDR5 RAMWindows 11 Operating System512 GB SSD39.62 cm (15.6 Inch) Display1 Year Onsite Warranty,20,61990,4.1282,282,25
MSI,Cyborg 15 Intel Core i5 12th Gen 12450H   , (16 GB/512 GB SSD/Windows 11 Home/6 GB Graphics/NVIDIA G...,63990,Intel Core i5 Processor (12th Gen)16 GB DDR5 RAMWindows 11 Operating System512 GB SSD39.62 cm (15.6 Inch) Display2 Year Onsite Warranty,32,94990,4.4333,333,22
Lenovo,IdeaPad Slim 5 Intel Core i7 13th Gen 13700H  , (16 GB/1 TB SSD/Windows 11 Home) 16IRL8 Laptop,84690,Intel Core i7 Processor (13th Gen)16 GB LPDDR5 RAMWindows 11 Operating System1 TB SSD40.64 cm (16 inch) Display1Yr Warranty + 1 Yr Premium Care and 1 Yr Accidental Damage Protection,37,125890,4.2256,256,29
Lenovo,LOQ Intel Core i5 12th Gen 12450HX    , (16 GB/512 GB SSD/Windows 11 Home/6 GB Graphics/NVIDIA GeF...,75795,Intel Core i5 Processor (12th Gen)16 GB DDR5 RAMWindows 11 Operating System512 GB SSD39.62 cm (15.6 inch) Display1Yr Warranty and 1 Yr Accidental Damage Protection,12,105090,4.129,29,2
Acer,Aspire 3 Backlit AMD Ryzen 5 Hexa Core 7430U  , (8 GB/512 GB SSD/Windows 11 Home) A325,32990,AMD Ryzen 5 Hexa Core Processor8 GB DDR4 RAMWindows 11 Operating System512 GB SSD39.62 cm (15.6 Inch) Display1 Year Carry-in Warranty,41,54990,3.717,17,0
HP,G8 Intel Core i3 11th Gen 12 gen   , (16 GB/512 GB SSD/Windows 11 Pro) 250G8 Business Laptop,33990,Intel Core i3 Processor (11th Gen)16 GB DDR4 RAM64 bit Windows 11 Operating System512 GB SSD39.62 cm (15.6 inch) DisplayMS OFFICE1 year Onsite Warrenty,26,74000,41,"1,783",228
Infinix,Y3 Max Series Intel Core i5 12th Gen 1235U  , (16 GB/512 GB SSD/Windows 11 Home) YL613 Thin and...,35990,Intel Core i5 Processor (12th Gen)16 GB LPDDR4X RAMWindows 11 Operating System512 GB SSD40.64 cm (16 Inch) Display1 Year Onsite Warranty,24,69990,4.51,"1,680",171
MSI,Cyborg 15 AI PC Intel Core Ultra 7 155H  , (16 GB/1 TB SSD/Windows 11 Home/8 GB Graphics/NVIDIA GeF...,113290,Intel Core Ultra 7 Processor16 GB DDR5 RAMWindows 11 Operating System1 TB SSD39.62 cm (15.6 Inch) Display2 Year Carry-in Warranty,50,129990,4.86,6,1
MSI,Cyborg 15 Intel Core i5 12th Gen 12450H   , (16 GB/512 GB SSD/Windows 11 Home/4 GB Graphics/NVIDIA G...,52990,Intel Core i5 Processor (12th Gen)16 GB DDR5 RAMWindows 11 Operating System512 GB SSD39.62 cm (15.6 Inch) Display2 Year Onsite Warranty,32,89990,4.324,24,1
MSI,Modern 14 AMD Ryzen 7 Octa Core 7730U   , (16 GB/512 GB SSD/Windows 11 Home) Modern 14 C7M,44990,AMD Ryzen 7 Octa Core Processor16 GB DDR4 RAMWindows 11 Operating System512 GB SSD35.56 cm (14 Inch) Display1 Year Onsite Warranty,40,61990,41,"1,092",158
Lenovo,IdeaPad Slim 5 Intel Core i5 12th Gen 12450H  , (16 GB/512 GB SSD/Windows 11 Home) 14IAH8 Thin a...,58680,Intel Core i5 Processor (12th Gen)16 GB LPDDR5 RAMWindows 11 Operating System512 GB SSD35.56 cm (14 Inch) Display1Yr Warranty + 1 Yr Premium Care and 1 Yr Accidental Damage Protection,19,72990,4.213,130,9
HP,Victus AI Powered AMD Ryzen 7 Octa Core 7840HS  , (16 GB/512 GB SSD/Windows 11 Home/6 GB Graphics/NV...,79990,AMD Ryzen 7 Octa Core Processor16 GB DDR5 RAM64 bit Windows 11 Operating System512 GB SSD40.89 cm (16.1 Inch) DisplayMicrosoft Office 2021 t1 Year Onsite Warranty,27,96136,4.58,80,9
Lenovo,IdeaPad Slim 5 AI PC Intel Core Ultra 5 125H , (16 GB/1 TB SSD/Windows 11 Home) 16IMH9 Thin and...,78490,Intel Core Ultra 5 Processor16 GB LPDDR5X RAMWindows 11 Operating System1 TB SSD40.64 cm (16 inch) Display1Yr Warranty + 1 Yr Premium Care and 1 Yr Accidental Damage Protection,31,107690,3.73,3,0
MSI,Katana 15 Intel Core i7 13th Gen 13620H   , (16 GB/1 TB SSD/Windows 11 Home/6 GB Graphics/NVIDIA GeF...,76590,Intel Core i7 Processor (13th Gen)16 GB DDR5 RAMWindows 11 Operating System1 TB SSD39.62 cm (15.6 Inch) Display2 Year Onsite Warranty,14,154990,4.365,65,4
MSI,Cyborg 15 Intel Core i5 12th Gen 12450H   , (16 GB/512 GB SSD/Windows 11 Home/6 GB Graphics/NVIDIA G...,63990,Intel Core i5 Processor (12th Gen)16 GB DDR5 RAMWindows 11 Operating System512 GB SSD39.62 cm (15.6 Inch) Display2 Year Onsite Warranty,11,94990,3.91,"1,664",127
Infinix,Y1 Plus Neo Intel Celeron Quad Core 11th Gen N5100 , (4 GB/128 GB SSD/Windows 11 Home) XL30 Th...,17990,Intel Celeron Quad Core Processor (11th Gen)4 GB LPDDR4X RAMWindows 11 Operating System128 GB SSD39.62 cm (15.6 Inch) Display1 Year Onsite Warranty,25,29990,4.359,59,7
HP,Pavilion AMD Ryzen 5 Dual Core 5500U    , (8 GB/512 GB SSD/Windows 11 Home) 15,48490,AMD Ryzen 5 Dual Core Processor8 GB DDR4 RAMWindows 11 Operating System512 GB SSD39.62 cm (15.6 inch) Display1 Year Onsite Warranty,49,59899,4.312,120,22
MSI,Thin 15 Intel Core i5 13th Gen 13420H   , (16 GB/1 TB SSD/Windows 11 Home/6 GB Graphics/NVIDIA GeFor...,81690,Intel Core i5 Processor (13th Gen)16 GB DDR4 RAMWindows 11 Operating System1 TB SSD39.62 cm (15.6 Inch) Display2 Year Onsite Warranty,13,94990,4.2283,283,33
MSI,Thin A15 AMD Ryzen 5 Hexa Core 7535HS   , (16 GB/512 GB SSD/Windows 11 Home/4 GB Graphics/NVIDIA GeF...,59990,AMD Ryzen 5 Hexa Core Processor16 GB DDR5 RAMWindows 11 Operating System512 GB SSD39.62 cm (15.6 Inch) Display2 Year Onsite Warranty,25,78990,4.2603,603,54
Infinix,ZEROBOOK 13 Intel Intel Core i9 13th Gen 13900H  , (32 GB/1 TB SSD/Windows 11 Home) ZL513 Thin ...,64990,Intel Core i9 Processor (13th Gen)32 GB LPDDR5X RAMWindows 11 Operating System1 TB SSD39.62 cm (15.6 inch) Display1 Year Onsite Warranty,17,149900,4.26,"6,147",524
ASUS,Vivobook 15X Intel Core i5 13th Gen 1315U   , (16 GB/512 GB SSD/Windows 11 Home) K3504VAB,58990,Intel Core i5 Processor (13th Gen)16 GB DDR4 RAMWindows 11 Operating System512 GB SSD39.62 cm (15.6 Inch) Display1 Year Onsite Warranty,29,80990,4.3423,423,43
Infinix,GT Book Intel Core i9 13th Gen 13900H   , (32 GB/1 TB SSD/Windows 11 Home/8 GB Graphics/NVIDIA G...,109990,Intel Core i9 Processor (13th Gen)32 GB LPDDR5X RAMWindows 11 Operating System1 TB SSD40.64 cm (16 inch) DisplayControl Center1 Year Domestic Onsite Warranty On Laptop and 6 Months On Adapter,16,149990,4.2123,123,18
Apple,Apple M4         , (16 GB/512 GB SSD/macOS Sequoia) MW2U3HN/A,169900,"Apple M4 Processor16 GB Unified Memory RAMMac OS Operating System512 GB SSD35.56 cm (14 Inch) DisplayBuilt-in Apps: App Store, Books, Calendar, Contacts, FaceTime, Find My, Freeform, GarageBand, Home, iMovie, Keynote, Mail, Maps, Messages, Music, Notes, Numbers, Pages, Photo Booth, Photos, Podcasts, Preview, QuickTime Player, Reminders, Safari, Shortcuts, Siri, Stocks, Time Machine, TV, Voice Memos, Weather1 Year Limited Warranty",40,151990,4.42,"2,766",310
MSI,Sword 16 HX Intel Core i7 14th Gen 14700HX  , (16 GB/1 TB SSD/Windows 11 Home/8 GB Graphics/NVIDIA ...,134790,Intel Core i7 Processor (14th Gen)16 GB DDR5 RAMWindows 11 Operating System1 TB SSD40.64 cm (16 Inch) Display2 Year Onsite Warranty,19,111990,4.4694,694,112
MSI,Cyborg 15 AI PC Intel Core Ultra 5 125H  , (16 GB/1 TB SSD/Windows 11 Home/6 GB Graphics/NVIDIA GeF...,96990,Intel Core Ultra 5 Processor16 GB DDR5 RAMWindows 11 Operating System1 TB SSD39.62 cm (15.6 Inch) Display2 Year Carry-in Warranty,26,80962,4.4312,312,25
DELL,Inspiron Intel Core i5 12th Gen Core i5   , (8 GB/512 GB SSD/Windows 11 Home) 3520 Laptop,46990,Intel Core i5 Processor (12th Gen)8 GB DDR4 RAM64 bit Windows 11 Operating System512 GB SSD39.62 cm (15.6 inch) DisplayOffice Home & Student 20211 Year Onsite Warranty,17,27063,4.2487,487,40
HP,255 G9 AMD Athlon Dual Core AMD Athlon Silver  ,3050U ,22850,AMD Athlon Dual Core Processor4 GB DDR4 RAMDOS Operating System256 GB SSD39.62 cm (15.6 inch) DisplayDOS1 year warranty,20,47990,457,57,4
MSI,Modern 14 Intel Core i3 12th Gen 1215U   , (8 GB/512 GB SSD/Windows 11 Home) Modern 14 C12MO Busines...,29990,Intel Core i3 Processor (12th Gen)8 GB DDR4 RAMWindows 11 Operating System512 GB SSD35.56 cm (14 inch) Display1 Year Warranty Term,49,54990,4.541,410,40
Infinix,Y3 Max Series Intel Core i3 12th Gen 1215U  , (16 GB/256 GB SSD/Windows 11 Home) YL613 Thin and...,27990,Intel Core i3 Processor (12th Gen)16 GB LPDDR4X RAMWindows 11 Operating System256 GB SSD40.64 cm (16 Inch) Display1 Year Onsite Warranty,12,68790,4104,104,10
Lenovo,IdeaPad Slim 3 Intel Core i5 12th Gen 12450H  , (8 GB/512 GB SSD/Windows 11 Home) 15IAH8 Thin an...,51590,Intel Core i5 Processor (12th Gen)8 GB LPDDR5 RAMWindows 11 Operating System512 GB SSD39.62 cm (15.6 Inch) Display1 Yr. Onsite,41,76390,3.275,75,13
Lenovo,IdeaPad Slim 3 AMD Ryzen 7 Octa Core 5700U  , (16 GB/512 GB SSD/Windows 11 Home) 15ALC6 Thin and...,43189,AMD Ryzen 7 Octa Core Processor16 GB DDR4 RAMWindows 11 Operating System512 GB SSD39.62 cm (15.6 Inch) Display1 Yr. Onsite + 1 Yr. Accidental Damage Protection,27,56260,4.135,35,3
HP,15s Intel Core i3 12th Gen 1215U    , (8 GB/512 GB SSD/Windows 11 Home) 15s,37990,Intel Core i3 Processor (12th Gen)8 GB DDR4 RAM64 bit Windows 11 Operating System512 GB SSD100.58 cm (39.6 cm) DisplayMicrosoft Office Home & Student 20211 Year Onsite Warranty,13,75990,4.335,35,1
MSI,Thin 15 Intel Core i5 12th Gen 12450H   , (16 GB/512 GB SSD/Windows 11 Home/4 GB Graphics/NVIDIA GeF...,57990,Intel Core i5 Processor (12th Gen)16 GB DDR4 RAMWindows 11 Operating System512 GB SSD39.62 cm (15.6 Inch) Display2 Year Onsite Warranty,50,66990,4.42,"2,104",232
MSI,Modern 15 Intel Core i7 12th Gen 1255U   , (16 GB/512 GB SSD/Windows 11 Home) Modern 15 B12MO,45990,Intel Core i7 Processor (12th Gen)16 GB DDR4 RAMWindows 11 Operating System512 GB SSD39.62 cm (15.6 Inch) Display1 Year Onsite Warranty,14,61990,4.33,"3,102",233
MSI,Modern 14 AMD Ryzen 5 Hexa Core 7530U   , (8 GB/512 GB SSD/Windows 11 Home) Modern 14 C7M,33990,AMD Ryzen 5 Hexa Core Processor8 GB DDR4 RAMWindows 11 Operating System512 GB SSD35.56 cm (14 Inch) Display1 Year Onsite Warranty,19,83990,4.84,4,1
ASUS,ROG Ally AMD Ryzen Z1 Octa Core Extreme   , (16 GB/512 GB SSD/Windows 11 Home) RC71L,45840,AMD Ryzen Z1 Octa Core Processor16 GB LPDDR5 RAMWindows 11 Operating System512 GB SSD17.78 cm (7 Inch) Touchscreen Display3 months Xbox Game Pass Ultimate Subscription Included1 Year Onsite Warranty,23,49190,4.324,24,1
Lenovo,IdeaPad 3 Intel Core i3 12th Gen 1215U   , (8 GB/512 GB SSD/Windows 11 Home) 15IAU7 Thin and Ligh...,35990,Intel Core i3 Processor (12th Gen)8 GB DDR4 RAMWindows 11 Operating System512 GB SSD39.62 cm (15.6 Inch) Display1 Yr Onsite,29,75990,4.2371,371,58
ASUS,TUF Gaming A15 AMD Ryzen 7 Octa Core 7435HS  , (16 GB/512 GB SSD/Windows 11 Home/4 GB Graphics/NVI...,62990,AMD Ryzen 7 Octa Core Processor16 GB DDR5 RAMWindows 11 Home Operating System512 GB SSD39.62 cm (15.6 inch) Display1 Year Carry-in Warranty,21,58990,4.97,7,1
MSI,Modern 14 Intel Core i3 13th Gen 1315U   , (8 GB/512 GB SSD/Windows 11 Home) Modern 14 C13M,31990,Intel Core i3 Processor (13th Gen)8 GB DDR4 RAMWindows 11 Operating System512 GB SSD35.56 cm (14 Inch) Display1 Year Carry-in Warranty,24,118169,4.3174,174,17
HP,OMEN Intel Core i5 13th Gen 13420H    , (16 GB/512 GB SSD/Windows 11 Home/6 GB Graphics/NVIDIA GeForce...,84990,Intel Core i5 Processor (13th Gen)16 GB DDR5 RAMWindows 11 Operating System512 GB SSD40.89 cm (16.1 Inch) Display1 Year Onsite Warranty,11,89990,4.227,27,3
ASUS,Expertbook Intel Core i7 12th Gen 1255U    , (16 GB/512 GB SSD/Windows 11 Home) B1402CBA,54990,Intel Core i7 Processor (12th Gen)16 GB DDR4 RAMWindows 11 Operating System512 GB SSD35.56 cm (14 Inch) Display1 Year Onsite Warranty,44,43990,4.24,"4,423",362
ASUS,VivoBook 15 -2021 Intel Core i3 10th Gen 1005G1  , (8 GB/1 TB HDD/Windows 11 Home) X515JA,33990,Intel Core i3 Processor (10th Gen)8 GB DDR4 RAM64 bit Windows 11 Operating System1 TB HDD39.62 cm (15.6 inch) Display1 Year Onsite Warranty,42,44990,3.855,55,5
Acer,Aspire Lite AMD Ryzen 3 Quad Core 5300U   , (8 GB/256 GB SSD/Windows 11 Home) AL15,26990,AMD Ryzen 3 Quad Core Processor8 GB DDR4 RAMWindows 11 Operating System256 GB SSD39.62 cm (15.6 Inch) Display1 Year Carry-in Warranty,13,68223,4.1275,275,46
HP,Intel Core i5 12th Gen 1235U     , (8 GB/1 TB SSD/Windows 11 Home) 15s,49990,Intel Core i5 Processor (12th Gen)8 GB DDR4 RAMWindows 11 Operating System1 TB SSD39.62 cm (15.6 Inch) Display1 Year Onsite warranty,28,78990,3.5295,295,44
ASUS,VivoBook K15 OLED AMD Ryzen 5 Hexa Core AMD R5 ,5500U ,43990,AMD Ryzen 5 Hexa Core Processor8 GB DDR4 RAM64 bit Windows 11 Operating System1 TB HDD|256 GB SSD39.62 cm (15.6 inch) DisplayOffice Home and Student 20211 Year Onsite Warranty,26,52055,3.91,"1,301",104
HP,AMD Ryzen 5 Hexa Core 5500U     , (16 GB/512 GB SSD/Windows 11 Home) 15s,43990,AMD Ryzen 5 Hexa Core Processor16 GB DDR4 RAMWindows 11 Operating System512 GB SSD39.62 cm (15.6 Inch) Display1 Year Onsite warranty,32,79990,3.98,8,1
ASUS,AMD Ryzen 5 Quad Core      , (16 GB/512 GB SSD/Windows 11 Home) E1504FA,50990,AMD Ryzen 5 Quad Core Processor16 GB DDR4 RAMWindows 11 Operating System512 GB SSD39.62 cm (15.6 inch) Display1 Year Manufacturer Warranty,32,78990,4.655,55,7
MSI,Thin A15 AMD Ryzen 5 Hexa Core 7535HS   , (16 GB/512 GB SSD/Windows 11 Home/4 GB Graphics/NVIDIA GeF...,59990,AMD Ryzen 5 Hexa Core Processor16 GB DDR5 RAMWindows 11 Operating System512 GB SSD39.62 cm (15.6 Inch) Display2 Year Onsite Warranty,32,59990,4.88,8,0
Infinix,Y4 Max Series Intel Core i3 13th Gen 1315U  , (16 GB/512 GB SSD/Windows 11 Home) YL613 Thin and...,32990,Intel Core i3 Processor (13th Gen)16 GB LPDDR4X RAMWindows 11 Operating System512 GB SSD40.64 cm (16 inch) DisplayNA1 Year Onsite Warranty,27,93000,4.3131,131,17
Lenovo,Thinkpad E14 G5 Intel Core i5 13th Gen 1335U with 3, (16 GB/512 GB SSD/Windows 1...,67900,Intel Core i5 Processor (13th Gen)16 GB DDR4 RAM64 bit Windows 11 Operating System512 GB SSD35.56 cm (14 inch) DisplayMS OFFICE3 year Onsite Warranty,40,44000,4.33,"3,539",261
Acer,Aspire 3 Backlit Intel Core i3 12th Gen 1215U  , (8 GB/512 GB SSD/Windows 11 Home) A324,30990,Intel Core i3 Processor (12th Gen)8 GB DDR4 RAM64 bit Windows 11 Operating System512 GB SSD35.56 cm (14 Inch) Display1 Year Domestic Warranty,54,122990,4.26,"6,793",601
ASUS,"Vivobook S 15 OLED Powered, Intel EVO H Series, AI PC", (16 GB/1 TB SSD/W...,111990,Intel Core Ultra 7 Processor16 GB LPDDR5X RAMWindows 11 Operating System1 TB SSD39.62 cm (15.6 Inch) DisplayMicrosoft Office Home & Student 20211 Year Onsite Warranty,48,39995,4.129,29,2
HP,15s AMD Ryzen 3 Dual Core 3250U    , (8 GB/512 GB SSD/Windows 11 Home) 15s,33120,AMD Ryzen 3 Dual Core Processor8 GB DDR4 RAMWindows 11 Operating System512 GB SSD39.62 cm (15.6 Inch) Display1 Year Onsite Warranty,13,69210,3.717,17,0
DELL,Vostro 3420 Business Laptop Intel Core i5 11th Gen  , (8 GB/512 GB SSD/Windows 11 Home) 3420 Busin...,53999,Intel Core i5 Processor (11th Gen)8 GB DDR4 RAMWindows 11 Operating System512 GB SSD35.56 cm (14 inch) Display1 Year Warranty,21,44990,4.213,130,9
CHUWI,Intel Celeron Quad Core 12th Gen N100    , (8 GB/256 GB SSD/Windows 11 Home) GemiBook Plus Laptop,21990,"Intel Celeron Quad Core Processor (12th Gen)8 GB LPDDR5 RAM64 bit Windows 11 Home Operating System256 GB SSD39.62 cm (15.6 inch) DisplayWPS Office, Operating System Software1 Year Onsite Warranty",44,24990,4.1192,192,15
Ultimus,PRO Intel Celeron Dual Core N4020C     , (4 GB/128 GB EMMC Storage/Windows 11 Home) NU14U5INC43BN,11990,Intel Celeron Dual Core Processor4 GB DDR4 RAM64 bit Windows 11 Operating System35.56 cm (14 Inch) DisplayPre loaded windows APP1 Year Onsite warranty,26,29990,4.86,6,1
Acer,Aspire Intel Celeron Dual Core N4500     , (8 GB/512 GB SSD/Windows 11 Home) A325,22990,Intel Celeron Dual Core Processor8 GB LPDDR4X RAMWindows 11 Home Operating System512 GB SSD39.62 cm (15.6 inch) Display1 Year International Travelers Warranty (ITW),42,129990,4.324,24,1
MSI,Cyborg 15 AI PC Intel Core Ultra 7 155H  , (16 GB/1 TB SSD/Windows 11 Home/8 GB Graphics/NVIDIA GeF...,113290,Intel Core Ultra 7 Processor16 GB DDR5 RAMWindows 11 Operating System1 TB SSD39.62 cm (15.6 Inch) Display2 Year Carry-in Warranty,12,89990,4.2256,256,29
MSI,Cyborg 15 Intel Core i5 12th Gen 12450H   , (16 GB/512 GB SSD/Windows 11 Home/4 GB Graphics/NVIDIA G...,52990,Intel Core i5 Processor (12th Gen)16 GB DDR5 RAMWindows 11 Operating System512 GB SSD39.62 cm (15.6 Inch) Display2 Year Onsite Warranty,41,90990,4.2114,114,7
ASUS,Vivobook Intel Core i7 13th Gen 13700H    , (16 GB/512 GB SSD/Windows 11 Home) X1605VA,72990,Intel Core i7 Processor (13th Gen)16 GB DDR4 RAMWindows 11 Operating System512 GB SSD40.64 cm (16 inch) DisplayMicrosoft Office Home & Student 20211 Year Onsite Warranty,27,54990,3.954,54,1
Infinix,Y4 Max Series Intel Core i3 13th Gen 1315U  , (8 GB/512 GB SSD/Windows 11 Home) YL613 Thin and ...,29989,Intel Core i3 Processor (13th Gen)8 GB LPDDR4X RAMWindows 11 Operating System512 GB SSD40.64 cm (16 inch) DisplayNA1 Year Onsite Warranty,19,49990,3.714,14,1
ASUS,Vivobook 14 Intel Core i3 11th Gen 1115G4   , (8 GB/512 GB SSD/Windows 11 Home) X415EA,31989,Intel Core i3 Processor (11th Gen)8 GB DDR4 RAMWindows 11 Operating System512 GB SSD35.56 cm (14 Inch) DisplayMicrosoft Office Home & Student 20211 Year Onsite Warranty,16,55490,3.73,3,0
Lenovo,IdeaPad Slim 3 Intel Core i3 11th Gen 1115G4  , (8 GB/512 GB SSD/Windows 11 Home) Ideapad 3 15IT...,33990,Intel Core i3 Processor (11th Gen)8 GB DDR4 RAM64 bit Windows 11 Operating System512 GB SSD39.62 cm (15.6 Inch) DisplayOffice Home and Student 20211 Yr. Onsite + 1 Yr. Accidental Damage Protection,27,154990,4.312,120,22
MSI,Katana 15 Intel Core i7 13th Gen 13620H   , (16 GB/1 TB SSD/Windows 11 Home/6 GB Graphics/NVIDIA GeF...,76590,Intel Core i7 Processor (13th Gen)16 GB DDR5 RAMWindows 11 Operating System1 TB SSD39.62 cm (15.6 Inch) Display2 Year Onsite Warranty,50,94990,4.54,4,0
MSI,Cyborg 15 Intel Core i5 12th Gen 12450H   , (16 GB/512 GB SSD/Windows 11 Home/6 GB Graphics/NVIDIA G...,63990,Intel Core i5 Processor (12th Gen)16 GB DDR5 RAMWindows 11 Operating System512 GB SSD39.62 cm (15.6 Inch) Display2 Year Onsite Warranty,32,80990,4.4143,143,17
ASUS,Vivobook 15X Intel Core i5 13th Gen 1315U   , (16 GB/512 GB SSD/Windows 11 Home) K3504VAB,58990,Intel Core i5 Processor (13th Gen)16 GB DDR4 RAMWindows 11 Operating System512 GB SSD39.62 cm (15.6 Inch) Display1 Year Onsite Warranty,40,44990,4.25,"5,393",292
Acer,Aspire Lite AMD Ryzen 3 Quad Core 5300U   , (8 GB/512 GB SSD/Windows 11 Home) AL15,27990,AMD Ryzen 3 Quad Core Processor8 GB DDR4 RAMWindows 11 Operating System512 GB SSD39.62 cm (15.6 Inch) Display1 Year Carry-in Warranty,19,94990,4.84,4,0
MSI,Thin 15 Intel Core i5 13th Gen 13420H   , (16 GB/1 TB SSD/Windows 11 Home/6 GB Graphics/NVIDIA GeFor...,81690,Intel Core i5 Processor (13th Gen)16 GB DDR4 RAMWindows 11 Operating System1 TB SSD39.62 cm (15.6 Inch) Display2 Year Onsite Warranty,14,78990,4.1185,185,16
MSI,Thin A15 AMD Ryzen 5 Hexa Core 7535HS   , (16 GB/512 GB SSD/Windows 11 Home/4 GB Graphics/NVIDIA GeF...,59990,AMD Ryzen 5 Hexa Core Processor16 GB DDR5 RAMWindows 11 Operating System512 GB SSD39.62 cm (15.6 Inch) Display2 Year Onsite Warranty,24,107690,3.65,5,0
Lenovo,IdeaPad Slim 5 AI PC Intel Core Ultra 5 125H , (16 GB/1 TB SSD/Windows 11 Home) 16IMH9 Thin and...,78490,Intel Core Ultra 5 Processor16 GB LPDDR5X RAMWindows 11 Operating System1 TB SSD40.64 cm (16 inch) Display1Yr Warranty + 1 Yr Premium Care and 1 Yr Accidental Damage Protection,56,73920,4.1272,272,46
HP,Intel Core i5 13th Gen 1334U     , (16 GB/512 GB SSD/Windows 11 Home) 15,56990,Intel Core i5 Processor (13th Gen)16 GB DDR4 RAMWindows 11 Operating System512 GB SSD39.62 cm (15.6 inch) Display1 Year Onsite warranty,27,78533,3.98,8,1
DELL,core i5 Intel Core i5 12th Gen    , (8 GB/512 GB SSD/Windows 11 Home) Inspiron 3520 / D560871WIN9B L...,45890,Intel Core i5 Processor (12th Gen)8 GB DDR4 RAM64 bit Windows 11 Operating System512 GB SSD39.62 cm (15.6 inch) DisplayMS OFFICE1 Year Onsite Warranty,26,84233,4.655,55,7
DELL,Inspiron 5430 Intel Core i5 13th Gen    , (8 GB/512 GB SSD/Windows 11 Home) IN5430YXVW9M01ORS1 Lapto...,54890,Intel Core i5 Processor (13th Gen)8 GB LPDDR5 RAMWindows 11 Operating System512 GB SSD35.56 cm (14 inch) Display1-year manufacturing warranty,11,151990,3.517,17,3
MSI,Sword 16 HX Intel Core i7 14th Gen 14700HX  , (16 GB/1 TB SSD/Windows 11 Home/8 GB Graphics/NVIDIA ...,134790,Intel Core i7 Processor (14th Gen)16 GB DDR5 RAMWindows 11 Operating System1 TB SSD40.64 cm (16 Inch) Display2 Year Onsite Warranty,13,111990,4.129,29,2
MSI,Cyborg 15 AI PC Intel Core Ultra 5 125H  , (16 GB/1 TB SSD/Windows 11 Home/6 GB Graphics/NVIDIA GeF...,96990,Intel Core Ultra 5 Processor16 GB DDR5 RAMWindows 11 Operating System1 TB SSD39.62 cm (15.6 Inch) Display2 Year Carry-in Warranty,41,44990,3.717,17,0
Infinix,Y3 Max Series Intel Core i3 12th Gen 1215U  , (8 GB/256 GB SSD/Windows 11 Home) YL613 Thin and ...,25990,Intel Core i3 Processor (12th Gen)8 GB LPDDR4X RAMWindows 11 Operating System256 GB SSD40.64 cm (16 Inch) Display1 Year Onsite Warranty,15,113017,4.4136,136,8
HP,Victus Intel Core i7 13th Gen 13620H    , (16 GB/512 GB SSD/Windows 11 Home/6 GB Graphics/NVIDIA GeFor...,95990,Intel Core i7 Processor (13th Gen)16 GB DDR4 RAMWindows 11 Home Operating System512 GB SSD39.62 cm (15.6 inch) DisplayWindows 11 Microsoft Office Home & Student Edition 20211 Year Carry-in Warranty,37,123652,4.42,"2,223",173
HP,Omen AMD Ryzen 7 Octa Core 7840HS    , (16 GB/1 TB SSD/Windows 11 Home/6 GB Graphics/NVIDIA GeForce RT...,103490,AMD Ryzen 7 Octa Core Processor16 GB DDR5 RAMWindows 11 Operating System1 TB SSD40.89 cm (16.1 Inch) Display1 Year Onsite Warranty,49,70990,4351,351,32
ASUS,Vivobook 15 Intel Core i5 12th Gen 1235U   , (8 GB/512 GB SSD/Windows 11 Home) X1502ZA,47990,Intel Core i5 Processor (12th Gen)8 GB DDR4 RAMWindows 11 Operating System512 GB SSD39.62 cm (15.6 Inch) Display1 Year Onsite Warranty,25,72990,4.86,6,1
ASUS,Vivobook 16 Intel Core i5 12th Gen 12500H   , (16 GB/512 GB SSD/Windows 11 Home) X1605ZAC,55506,Intel Core i5 Processor (12th Gen)16 GB DDR4 RAMWindows 11 Operating System512 GB SSD40.64 cm (16 Inch) Display1 Year Onsite Warranty,43,49189,4.324,24,1
DELL,Vostro Intel Core i3 12th Gen 1215U    , (8 GB/512 GB SSD/Windows 11 Home) Vostro 3520 Thin and Ligh...,33990,Intel Core i3 Processor (12th Gen)8 GB DDR4 RAM64 bit Windows 11 Home Operating System512 GB SSD39.62 cm (15.6 inch) DisplayOffice Home & Student 20211 Year Onsite Hardware Service,56,24990,4.3468,468,22
Ultimus,Pro Intel Dual Core N4020      , (4 GB/128 GB SSD/Windows 11 Home) NU14U3CNC43BN,12990,Intel Dual Core Processor4 GB DDR4 RAM64 bit Windows 11 Home Operating System128 GB SSD35.81 cm (14.1 inch) DisplayPre loaded windows APP1 Year Manufacturing Warranty,49,99990,41,"1,067",67
Infinix,GT Book Intel Core i5 12th Gen 12450H   , (16 GB/512 GB SSD/Windows 11 Home/6 GB Graphics/NVIDIA...,57990,Intel Core i5 Processor (12th Gen)16 GB LPDDR5 RAMWindows 11 Operating System512 GB SSD40.64 cm (16 inch) DisplayControl Center1 Year Domestic Onsite Warranty On Laptop and 6 Months On Adapter,27,129990,3.73,3,0
MSI,Cyborg 15 AI PC Intel Core Ultra 7 155H  , (16 GB/1 TB SSD/Windows 11 Home/8 GB Graphics/NVIDIA GeF...,113290,Intel Core Ultra 7 Processor16 GB DDR5 RAMWindows 11 Operating System1 TB SSD39.62 cm (15.6 Inch) Display2 Year Carry-in Warranty,50,89990,4558,558,48
MSI,Cyborg 15 Intel Core i5 12th Gen 12450H   , (16 GB/512 GB SSD/Windows 11 Home/4 GB Graphics/NVIDIA G...,52990,Intel Core i5 Processor (12th Gen)16 GB DDR5 RAMWindows 11 Operating System512 GB SSD39.62 cm (15.6 Inch) Display2 Year Onsite Warranty,12,75794,4.3131,131,17
HP,Pavilion 15 AMD Ryzen 7 Octa Core 7730U   , (16 GB/512 GB SSD/Windows 11 Home) 15,67490,AMD Ryzen 7 Octa Core Processor16 GB DDR4 RAM64 bit Windows 11 Operating System512 GB SSD39.62 cm (15.6 Inch) Display1 Year Onsite Warranty,32,69990,4.4333,333,22
Infinix,Y3 Max Series Intel Core i5 12th Gen 1235U  , (16 GB/512 GB SSD/Windows 11 Home) YL613 Thin and...,35990,Intel Core i5 Processor (12th Gen)16 GB LPDDR4X RAMWindows 11 Operating System512 GB SSD40.64 cm (16 Inch) Display1 Year Onsite Warranty,23,154990,4.1184,184,17
MSI,Katana 15 Intel Core i7 13th Gen 13620H   , (16 GB/1 TB SSD/Windows 11 Home/6 GB Graphics/NVIDIA GeF...,76590,Intel Core i7 Processor (13th Gen)16 GB DDR5 RAMWindows 11 Operating System1 TB SSD39.62 cm (15.6 Inch) Display2 Year Onsite Warranty,31,94990,4594,594,62
MSI,Cyborg 15 Intel Core i5 12th Gen 12450H   , (16 GB/512 GB SSD/Windows 11 Home/6 GB Graphics/NVIDIA G...,63990,Intel Core i5 Processor (12th Gen)16 GB DDR5 RAMWindows 11 Operating System512 GB SSD39.62 cm (15.6 Inch) Display2 Year Onsite Warranty,45,67264,4.663,63,16
HP,Intel Core i5 12th Gen 1235U     , (8 GB/512 GB SSD/Windows 11 Home) 15s,47390,Intel Core i5 Processor (12th Gen)8 GB DDR4 RAMWindows 11 Operating System512 GB SSD39.62 cm (15.6 Inch) Display1 Year Onsite Warranty,45,74990,4.541,41,6
ASUS,Vivobook Go 15 OLED AMD Ryzen 5 Quad Core 7520U , (8 GB/512 GB SSD/Windows 11 Home) E1504FA,46990,AMD Ryzen 5 Quad Core Processor8 GB LPDDR5 RAMWindows 11 Operating System512 GB SSD39.62 cm (15.6 Inch) Display1 Year Onsite Warranty,26,78999,4.312,120,22
ZEBRONICS,Pro Series Z Intel Core i7 12th Gen 1255U  , (16 GB/512 GB SSD/Windows 11 Home) ZEB,40990,Intel Core i7 Processor (12th Gen)16 GB DDR4 RAMWindows 11 Operating System512 GB SSD39.62 cm (15.6 inch) Display1 Year Carry-in Warranty,17,113990,3.91,"1,664",127
ASUS,TUF Gaming A16 Advantage Edition AMD Ryzen 7 Octa Core 7435HS, (16 GB/512 GB SSD/Windows 11 Home...,94990,AMD Ryzen 7 Octa Core Processor16 GB DDR5 RAMWindows 11 Operating System512 GB SSD40.64 cm (16 inch) Display1 Year Onsite Warranty,45,94990,4.717,,
MSI,Thin 15 Intel Core i5 13th Gen 13420H   , (16 GB/1 TB SSD/Windows 11 Home/6 GB Graphics/NVIDIA GeFor...,81690,Intel Core i5 Processor (13th Gen)16 GB DDR4 RAMWindows 11 Operating System1 TB SSD39.62 cm (15.6 Inch) Display2 Year Onsite Warranty,28,78990,4113,113,10
MSI,Thin A15 AMD Ryzen 5 Hexa Core 7535HS   , (16 GB/512 GB SSD/Windows 11 Home/4 GB Graphics/NVIDIA GeF...,59990,AMD Ryzen 5 Hexa Core Processor16 GB DDR5 RAMWindows 11 Operating System512 GB SSD39.62 cm (15.6 Inch) Display2 Year Onsite Warranty,38,86050,4.1478,478,32
HP,Victus Intel Core i5 12th Gen 12450H    , (16 GB/512 GB SSD/Windows 11 Pro/4 GB Graphics/NVIDIA GeForc...,65990,Intel Core i5 Processor (12th Gen)16 GB DDR4 RAMWindows 11 Operating System512 GB SSD39.62 cm (15.6 inch) Display1 Year Onsite Warranty,22,36990,4.2123,123,18
ASUS,Vivobook Go 14 Intel Celeron Dual Core N4500   , (8 GB/256 GB SSD/Windows 11 Home) E410KA,24990,Intel Celeron Dual Core Processor8 GB DDR4 RAMWindows 11 Operating System256 GB SSD35.56 cm (14 inch) Display1 Year Onsite Warranty,40,151990,437,37,1
MSI,Sword 16 HX Intel Core i7 14th Gen 14700HX  , (16 GB/1 TB SSD/Windows 11 Home/8 GB Graphics/NVIDIA ...,134790,Intel Core i7 Processor (14th Gen)16 GB DDR5 RAMWindows 11 Operating System1 TB SSD40.64 cm (16 Inch) Display2 Year Onsite Warranty,26,111990,4.22,20,1
MSI,Cyborg 15 AI PC Intel Core Ultra 5 125H  , (16 GB/1 TB SSD/Windows 11 Home/6 GB Graphics/NVIDIA GeF...,96990,Intel Core Ultra 5 Processor16 GB DDR5 RAMWindows 11 Operating System1 TB SSD39.62 cm (15.6 Inch) Display2 Year Carry-in Warranty,44,60999,4.167,67,2
Acer,Aspire Lite AMD Ryzen 5 Hexa Core 5625U   , (16 GB/1 TB SSD/Windows 11 Home) AL15,37990,AMD Ryzen 5 Hexa Core Processor16 GB DDR4 RAMWindows 11 Operating System1 TB SSD39.62 cm (15.6 Inch) Display1 Year Onsite Warranty,15,54990,4.3194,194,19
Infinix,Y4 Max Series Intel Core i3 13th Gen 1315U  , (8 GB/512 GB SSD/Windows 11 Home) YL613 Thin and ...,29989,Intel Core i3 Processor (13th Gen)8 GB LPDDR4X RAMWindows 11 Operating System512 GB SSD40.64 cm (16 inch) DisplayNA1 Year Onsite Warranty,36,96136,4.1557,557,46
HP,Victus AI Powered AMD Ryzen 7 Octa Core 7840HS  , (16 GB/512 GB SSD/Windows 11 Home/6 GB Graphics/NV...,79990,AMD Ryzen 7 Octa Core Processor16 GB DDR5 RAM64 bit Windows 11 Operating System512 GB SSD40.89 cm (16.1 Inch) DisplayMicrosoft Office 2021 t1 Year Onsite Warranty,24,52273,4.1146,146,7
HP,15s Intel Core i3 13th Gen 1315U    , (8 GB/512 GB SSD/Windows 11 Home) 15,40490,Intel Core i3 Processor (13th Gen)8 GB DDR4 RAM64 bit Windows 11 Operating System512 GB SSD39.62 cm (15.6 Inch) Display1 Year Onsite Warranty,45,39999,3.819,19,2
Acer,One 14 AMD Ryzen 3 Dual Core 3250U   , (8 GB/512 GB SSD/Windows 11 Home) Z2,23990,AMD Ryzen 3 Dual Core Processor8 GB DDR4 RAMWindows 11 Operating System512 GB SSD35.56 cm (14 inch) Display1 Year Onsite Warranty,26,99999,3.84,4,0
Colorful,Evol P15 Intel Core i5 12th Gen 12500H   , (16 GB/512 GB SSD/Windows 11 Home/6 GB Graphics/NVID...,67990,Intel Core i5 Processor (12th Gen)16 GB DDR5 RAMWindows 11 Operating System512 GB SSD39.62 cm (15.6 Inch) Display2 Year Carry-in Warranty,29,116999,4.1442,442,22
MICROSOFT,Surface Pro (11th Edition) AI PC Qualcomm Snapdragon X Plus , (16 GB/256 GB SSD/Windows 11 H...,113990,Qualcomm Snapdragon X Plus Processor16 GB LPDDR5X RAMWindows 11 Operating System256 GB SSD33.02 cm (13 Inch) Touchscreen Display1 Year Onsite Warranty,8,93590,3.7148,148,9
Lenovo,IdeaPad Slim 5 AMD Ryzen 7 Octa Core 7730U  , (16 GB/512 GB SSD/Windows 11 Home) 14ABR8 Thin and...,67990,AMD Ryzen 7 Octa Core Processor16 GB DDR4 RAMWindows 11 Operating System512 GB SSD35.56 cm (14 Inch) Display1Yr Warranty + 1 Yr Premium Care and 1 Yr Accidental Damage Protection,17,54990,4.372,72,9
Infinix,Y3 Max Series Intel Core i3 12th Gen 1215U  , (16 GB/256 GB SSD/Windows 11 Home) YL613 Thin and...,27990,Intel Core i3 Processor (12th Gen)16 GB LPDDR4X RAMWindows 11 Operating System256 GB SSD40.64 cm (16 Inch) Display1 Year Onsite Warranty,21,27063,4.3151,151,22
HP,255 G9 AMD Athlon Dual Core AMD Athlon Silver  ,3050U ,22850,AMD Athlon Dual Core Processor4 GB DDR4 RAMDOS Operating System256 GB SSD39.62 cm (15.6 inch) DisplayDOS1 year warranty,51,89900,4.1215,215,27
